"# of Use","# Terpakai"
"%1$s incl tax.","%1$s termasuk pajak."
"%s - %s","%s - %s"
"%s Item(s)","%s Item"
"%s and above","%s and above"
"(%d)","(%d)"
"(Copy data from: %s)","(Menyalin data dari: %s)"
"* Required Fields","* Kolom harus diisi"
"-- Please Select --","-- Silakan pilih --"
"86400 by default, if not set. To refresh instantly, Clear the Blocks HTML Output Cache.","86400 secara standar, jika tidak diatur. Untuk penyegaran instan, Bersihkan Output Tembolok Blok HTML."
"<strong style=""color:red"">Warning!</strong> Applying MAP by default will hide all product prices on the frontend.","<strong style=""color:red"">Peringatan!</strong> Penerapan MAP secara standar akan menyembunyikan semua harga produk di tampilan depan."
"A group with the same name already exists.","Kelompok dengan nama sama sudah ada."
"A name is required","Sebuah nama diperlukan"
"A product type is not defined for the indexer.","Tipe produk tidak didefinisikan untuk pengindeks."
"ALL GROUPS","SEMUA GRUP"
"AM","AM"
"Action","Aksi"
"Actual Price","Harga Sebenarnya"
"Add","Tambah"
"Add Attribute","Tambah Atribut"
"Add Design Change","Tambah Perubahan Desain"
"Add Group","Tambah Kelompok"
"Add Group Price","Tambah Kelompok Harga"
"Add New","Tambah Baru"
"Add New Attribute","Tambah Atribut Baru"
"Add New Attribute Set","Tambah Set Atribut Baru"
"Add New Group","Tambah Grup Baru"
"Add New Images","Tambah Gambar Baru"
"Add New Option","Tambah Opsi Baru"
"Add New Row","Tambahkan baris baru"
"Add New Search Term","Tambah Istilah Pencarian Baru"
"Add New Set","Tambah Set Baru"
"Add Product","Tambah Produk"
"Add Product To Websites","Tambah Produk ke situs"
"Add Root Category","Tambah Pangkal Kategori"
"Add Subcategory","Tambah Subkategori"
"Add Tax","Tambah Pajak"
"Add Tier","Tambah Tingkatan"
"Add attribute into attribute set","Tambah Atribut kedalam set atribut "
"Add group into attribute set","Tambah grup kedalam set atribut "
"Add new custom option into product","Add new custom option into product"
"Add new values into custom option","Add new values into custom option"
"Add option","Tambah Opsi"
"Add to Cart","Tambah ke keranjang"
"Add to Compare","Tambah untuk membandingkan"
"Add to Wishlist","Tambah ke wishlist"
"Additional Information","Informasi Tambahan"
"Alert Urls","Tanda Urls"
"All","Semua"
"All Product Types","Semua jenis produk"
"All Websites","Semua Situs"
"All products","All produk"
"All products - recently added products, New products - products marked as new","Semua produk - produk baru ditambahkan, Produk baru - produk ditandai sebagai baru"
"All products of this set will be deleted! Are you sure you want to delete this attribute set?","Semua produk pada set ini akan dihapus! Apakah Anda yakin ingin menghapus set atribut ini? Apakah anda yakin akan menghapus set atribut ini?"
"Allow All Products per Page","Ijinkan semua produk per halaman"
"Allow Dynamic Media URLs in Products and Categories","Ijinkan Dynamic Media URLs pada produk dan kategori"
"Allow HTML Tags on Frontend","Ijinkan HTML Tag pada Frontend"
"Allowed File Extensions","Perluasan file Diijinkan"
"Allowed file extensions to upload","Ekstensi file Untuk diunggah diijinkan"
"Amount","Jumlah"
"An error occurred while adding products to websites.","error terjadi ketika menambahkan produk ke situs."
"An error occurred while clearing comparison list.","error terjadi ketika membersihkan daftar perbandingan."
"An error occurred while deleting this review.","An error occurred while deleting this review."
"An error occurred while removing products from websites.","error terjadi ketika menghapus produk dari situs."
"An error occurred while saving the URL rewrite","error terjadi ketika menyimpan tulis ulang URL"
"An error occurred while saving the attribute set.","error terjadi ketika menyimpan atribut set."
"An error occurred while saving the collection, aborting. Error message: %s","Galat terjadi ketika penyimpanan koleksi, proses dibatalkan. Error message: %s"
"An error occurred while saving the product. ","An error occurred while saving the product. "
"An error occurred while saving the search query.","error terjadi ketika menyimpan pertanyaan yang dicari."
"An error occurred while saving this group.","error terjadi ketika menyimpan grup ini."
"An error occurred while saving this review.","An error occurred while saving this review."
"An error occurred while trying to delete the category.","error terjadi mencoba untuk menghapus kategori."
"An error occurred while updating the product(s) attributes.","error terjadi ketika memperbarui atribut produk."
"An error occurred while updating the product(s) status.","error terjadi ketika memperbarui status produk."
"An invalid group ID is specified, skipping the record.",",ID group tidak berlaku di tentukan, lewati rekaman ."
"An invalid option ID is specified for %s (%s), skipping the record.","Opsi ID tidak valid ditemukan untuk %s (%s), melewati catatan."
"An invalid store was specified.","Sebuah Toko yang tidak valid sudah ditentukan."
"Anchor Custom Text","Anchor Teks khusus"
"Anchor Custom Title","Judul Kustom Anchor"
"Applicable to catalog products and categories only. Any media content will be inserted into editor as a static URL. It is not updated if the system configuration base URL changes.","Applicable to catalog products and categories only. Any media content will be inserted into editor as a static URL. It is not updated if the system configuration base URL changes."
"Apply MAP (Default Value)","Terapkan MAP (Nilai Default)"
"Apply To","Terapkan ke"
"Approved","Disetujui"
"Are you sure you want to delete this category?","Apakah Anda yakin ingin menghapus kategori ini?"
"Are you sure you would like to remove all products from your comparison?","Apakah anda yakin akan menghapus semua produk dari pertimbangan Anda?"
"Are you sure you would like to remove this item from the compare products?","Apakah Anda yakin akan menghapus barang ini dari produk yang dibandingkan?"
"Are you sure?","Apakah anda yakin?"
"As low as:","Serendah:"
"Assign","Menetapkan"
"Assign product link","Menetapkan tautan produk"
"Assign product to category","Menetapkan kategori produk"
"Assigned Products","Menetapkan Produk"
"Associated Products","Varian"
"Attrib. Set Name","Attrib. Set Nama"
"Attribute ""%s"" is invalid.","Attribute ""%s"" is invalid."
"Attribute ""%s"" is required.","Attribute ""%s"" is required."
"Attribute Information","Informasi Atribut"
"Attribute Model","Model Atribut"
"Attribute Name:","Nama Atribut:"
"Attribute Set","Atur atribut"
"Attribute Sets","Attribute Sets"
"Attribute add","Attribute add"
"Attribute code is invalid. Please use only letters (a-z), numbers (0-9) or underscore(_) in this field, first character should be a letter.","Attribute code is invalid. Silakan gunakan hanya hurup (a-z), Angka (0-9) atau garis bawah(_)pada field ini, karakter pertama harus sebuah hurup."
"Attribute group with the \"/name/\" name already exists","Attribute group with the \"/name/\" name already exists"
"Attribute group with the \/name/\ name already exists","Attribute group with the \/name/\ name already exists"
"Attribute remove","Attribute remove"
"Attribute with the same code already exists","Atribut dengan kode yang sama sudah ada"
"Attributes","Atribut"
"Attrribute names can be specified per store.","Nama atribut dapat ditentukan per toko."
"Autogenerate","Digenerate Otomatis"
"Availability:","Ketersediaan:"
"Back","Kembali"
"Backend Model","Model Backend"
"Backend Table","Tabel Backend"
"Backend Table Title","Judul Tabel Backend"
"Backorders","Backorders"
"Based On","Berdasarkan"
"Before Order Confirmation","Sebelum Konfirmasi Pesanan"
"Best Value","Produk yang dianjurkan"
"Block after Info Column","Blok setelah info halaman"
"Bottom Block Options Wrapper","Pembungkus pilihan blok bawah"
"Bottom/Left","Bawah/Kiri"
"Bottom/Right","Bawah/Kanan"
"Browse By","Telusuri Berdasarkan"
"Bundle Items","Barang-barang bundel"
"Buy %1$s","Beli %1$s"
"Buy %1$s for","Beli %1$s untuk"
"Buy %1$s for %2$s","Beli %1$s untuk%2$s"
"Buy %1$s for %2$s (%3$s incl. tax) each","Buy %1$s for %2$s (%3$s incl. tax) each"
"Buy %1$s for %2$s each","Beli %1$s untk %2$s masing masing"
"Cache Lifetime (Seconds)","Masa pakai cache (detik)"
"Cache refresh needed.","Diperlukan perbaruan cache."
"Can be Divided into Multiple Boxes for Shipping","Can be Divided into Multiple Boxes for Shipping"
"Can be used only with catalog input type Dropdown","Hanya dapat digunakan dengan tipe input katalog dropdown"
"Can be used only with catalog input type Dropdown, Multiple Select and Price","Hanya dapat digunakan dengan tipe input katalog dropdown, banyak pilihan dan harga"
"Can\'t create image.","Bisa\tidak bisa membuat gambar."
"Cancel","Batal"
"Cannot create image.","Tidak bisa membuat gambar."
"Cannot create writeable directory '%s'.","Tidak dapat membuat direktori yang bisa ditulis '%s'."
"Cart Item Attribute","Troli Barang  Atribut"
"Catalog","Katalog"
"Catalog Category (Anchor)","Kategori Katalog (Anchor)"
"Catalog Category (Non-Anchor)","Kategori Katalog (Non-Anchor)"
"Catalog Category (Without Subcategories)","Katalog kategori (Tanpa Subkategori)"
"Catalog Category Link","Tautan Kategori Katalog"
"Catalog New Products List","Katalog Daftar Produk Baru"
"Catalog Price Scope","Katalog Lingkup Harga"
"Catalog Product Compare List","Katalog Daftar Perbandingan Produk"
"Catalog Product Email to a Friend","Email Produk Katalog ke Teman"
"Catalog Product Image Gallery Popup","Katalog Produk Popup Gambar Galeri"
"Catalog Product Link","Katalog Tautan Produk"
"Catalog Product View (Any)","Tampilan katalog Produk (Setiap)"
"Catalog Product View (Configurable)","Tampilan Katalog Produk (dapat dikonfigurasi)"
"Catalog Product View (Grouped)","Tampilan Katalog Produk (Dikelompokan)"
"Catalog Product View (Simple)","Tampilan Katalog Produk (Sederhana)"
"Catalog Product View (Virtual)","Tampilan Katalog Produk (Maya)"
"Catalog Section","Katalog Bagian"
"Catalog Seo Sitemap (Category List)","Katalog Seo Sitemap (Daftar Kategor)"
"Catalog Seo Sitemap (Category Tree)","Katalog Seo Sitemap (Pohon Kategori)"
"Catalog Seo Sitemap (Common)","Katalog Seo Sitemap (Umum)"
"Catalog Seo Sitemap (Product List)","Katalog Seo Sitemap (Daftar Produk)"
"Catalog URL Rewrites","Katalog URL Rewrites"
"Catalog product custom option values API","Catalog product custom option values API"
"Catalog product custom options API","Catalog product custom options API"
"Catalog, Search","Katalog, Pencarian"
"Categories","Kategori"
"Categories Sitemap","Kategori sitemap"
"Category","Kategori"
"Category API","Kategori API"
"Category Data","Data Kategori"
"Category Flat Data","Kategori Flat Data"
"Category Link Block Template","Template Kategori Link Blok "
"Category Link Inline Template","Template kategori Link Segaris"
"Category Products","Produk Kategori"
"Category Top Navigation","Navigasi Top Kategori"
"Category URL Suffix","kategori URL Suffix"
"Category attributes API","Kategori atribut API"
"Category move error","Kesalahan dalam pemindahan Kategori"
"Category move error %s","Category move error %s"
"Category move operation is not possible: parent category is equal to child category.","Tidak bisa memindah kategori: induk kategori sama dengan anak kategori."
"Category move operation is not possible: the current category was not found.","Tidak bisa memindah kategori: kategori sekarang tidak ditemukan."
"Category move operation is not possible: the new parent category was not found.","Operasi pemindahan kategori tidak dimungkinkan: Kategori orangtua baru tidak ditemukan."
"Category must be an instance of Mage_Catalog_Model_Category.","Kategori harus sebuah instant dari  Mage_Catalog_Model_Category."
"Center","Center"
"Change","Perubahan"
"Change or Retrieve attribute store view","Ubah atau Ambil tampilan atribut toko "
"Change status","Ubah status"
"Check items to add to the cart or","Periksa item untuk ditambahkan ke keranjang atau,"
"Choose an Option...","Pilih sebuah opsi..."
"Clear All","Kosongkan Semua"
"Clear Price","Clear Price"
"Click for price","Klik Untuk Harga"
"Close Window","Tutup jendela"
"Collapse All","Tutup semua"
"Comma-separated.","Dipisahkan koma."
"Comparable","Dapat dibandingkan"
"Comparable on Front-end","Dapat dibandingkan dari ujung depan"
"Comparable on the Frontend","Dapat dibandingkan dari antarmuka"
"Compare","membandingkan"
"Compare Products","Membandingkan Produk"
"Conditions Combination","Kombinasi Kondisi"
"Configurable Product","Produk yang dapat dikonfigurasi"
"Configurable Product Settings","Pengaturan Produk Dapat dikonfigurasi"
"Configure Product","Konfigurasi Produk"
"Continue","Lanjutkan"
"Copy From Configurable","Salin Dari Konfigurasi"
"Country/State","Negara/Negara Bagian"
"Create","Buat"
"Create (Upload)","Membuat(Unggah)"
"Create Empty","Membuat Kosong"
"Create Permanent Redirect for URLs if URL Key Changed","Create Permanent Redirect for URLs if URL Key Changed"
"Create Permanent Redirect for old URL","Buat Permanen diarahkan ke URL lama"
"Create Product Settings","Buat Pengaturan Produk"
"Create Simple Associated Product","Buat Varian Produk sederhana"
"Create attribute set based on another set","Create attribute set based on another set"
"Create new attribute","Create new attribute"
"Create new category","Buat Kategori Baru"
"Create new product","Buat Produk Baru"
"Cross-sells","Cross-sells"
"Currently Shopping by:","Sedang Berbelanja oleh:"
"Custom Design","Desain khusus"
"Custom Options","Pilihan Khusus"
"Custom options","Custom options"
"Customer Group","Grup Pelanggan"
"Customers Reviews","Review Pelanggan"
"Customers Tagged Product","Produk hasil Tag Pelanggan"
"Data Type for Saving in Database","Tipe Data untuk disimpan pada Database"
"Date & Time Custom Options","tanggal & Pilihan waktu khusus"
"Date Fields Order","Kolom Tanggal Pesanan"
"Date Subscribed","Tanggal Langganan"
"Datetime","Tanggal waktu"
"Decimal","Desimal"
"Declare attribute value saving scope","Menyatakan lingkup simpanan nilai atribut"
"Default ""What's This"" Text Message","Default ""What's This"" Text Message"
"Default Popup Text Message","Pesan Popup Default"
"Default Price","Harga Standar"
"Default Price Navigation Step","Langkah Navigasi Harga Standar"
"Default Qty","Jumlah Standar"
"Default Values","Nilai Standar"
"Defines the base currency scope (""Currency Setup"" > ""Currency Options"" > ""Base Currency"").","Defines the base currency scope (""Currency Setup"" > ""Currency Options"" > ""Base Currency"")."
"Delete","Hapus"
"Delete Attribute","Hapus Atribut"
"Delete Attribute Set","Hapus Set Atribut"
"Delete Category","Hapus Kategori"
"Delete Group Price","Delete Group Price"
"Delete Option","Hapus Opsi"
"Delete Row","Hapus Deret"
"Delete Search","Hapus Pencarian"
"Delete Selected Group","Hapus Kelompok Terpilih"
"Delete Tier","Delete Tier"
"Delete attribute","Delete attribute"
"Delete category","Hapus Kategori"
"Delete product","Hapus Produk"
"Depends on design theme","Tergantung Dari Desain Tema"
"Design","Desain"
"Details","Detil"
"Disabled","Non aktif"
"Disallowed file type.","Tipe file tak diijinkan."
"Display Actual Price","Tampilkan Harga Sebenarnya"
"Display Page Control","Display Page Control"
"Display Price Interval as One Price","Display Price Interval as One Price"
"Display Product Count","Display Product Count"
"Display Type","Display Type"
"Display in Suggested Terms","Tampilan di dalam Istilah yang disarankan"
"Double click on a group to rename it","Dobel klik on dalam grup untuk menamai ulang"
"Double click on above image to view full picture","Dobel klik pada gambar di atas untuk melihat keseluruhan gambar"
"Downloadable Information","Informasi yang dapat diunduh"
"Duplicate","Duplikat"
"Duplicate amount found.","Duplicate amount found."
"Duplicate website group price customer group.","Duplicate website group price customer group."
"Duplicate website tier price customer group and quantity.","Duplikat situs harga kelompok pelanggan tingkat dan kuantitas."
"Duplicate website, country and state tax found.","Duplikat situs, pajak negara dan negara bagian ditemukan."
"E.g. {{media url=""path/to/image.jpg""}} {{skin url=""path/to/picture.gif""}}. Dynamic directives parsing impacts catalog performance.","E.g. {{media url=""path/to/image.jpg""}} {{skin url=""path/to/picture.gif""}}. Dynamic directives parsing impacts catalog performance."
"Edit","Sunting"
"Edit Attribute Set '%s'","Ubah Set Atribut '%s'"
"Edit Product Attribute","Ubah Atribut Produk"
"Edit Product Attribute ""%s""","Edit Product Attribute ""%s"""
"Edit Search","Ubah Pencarian"
"Edit Search '%s'","Ubah Pencarian '%s'"
"Edit Set Name","Edit Set Nama"
"Email","Surel"
"Email to a Friend","Email ke teman"
"Empty","Kosong"
"Enable MAP","Enable MAP"
"Enable Qty Increments","Aktifkan Qty Increments"
"Enable WYSIWYG","Aktifkan WYSIWYG"
"Enable for reindexing a big number of SKUs.","Enable for reindexing a big number of SKUs."
"Enabled","Aktif"
"Error during retrieval of option value: %s","Terjadi error saat penerimaan nilai pilihan: %s"
"Exclude","Pengecualian"
"Expand All","Perluas semua"
"Failed","Gagal"
"Failed to copy file %s. Please, delete media with non-existing images and try again.","Failed to copy file %s. Please, delete media with non-existing images and try again."
"Failed to move file: %s","Gagal untuk memindahkan file: %s"
"Feature Products","Produk Yang ditampilkan"
"Field is not complete","Kolom tidak lengkap"
"File options format is not valid.","Format pilihan file Tidak Berlaku."
"File upload failed","Gagal mengunggah file"
"Filter model name must be declared.","Filter nama model harus dinyatakan."
"Filter must be an object. Please set correct filter.","Filter must be an object. Please set correct filter."
"Filterable (no results)","Dapat Disaring (tidak ada hasil)"
"Filterable (with results)","Dapat Disaring (dengan hasil)"
"First Name","Nama awal"
"Fixed","Tetap"
"For internal use.","Untuk penggunaan internal."
"For the last time placed.","For the last time placed."
"Frontend","Halaman Muka"
"Frontend Model","Model Halaman Muka"
"Frontend Properties","Properti antarmuka"
"Gallery","Galeri"
"General Information","Informasi Umum"
"Get full information about attribute with list of options","Get full information about attribute with list of options"
"Get full information about custom option in product","Get full information about custom option in product"
"Get list of available custom option types","Get list of available custom option types"
"Get list of non-default attributes by product type and attributes set","Get list of non-default attributes by product type and attributes set"
"Get list of possible attribute types","Get list of possible attribute types"
"Get special price","Dapatkah Harga Khusus"
"Global","Global"
"Globally Editable","Dapat diubah secara Global"
"Go to Home Page","Pergi ke beranda"
"Grid","Grid"
"Group add","Group add"
"Group remove","Group remove"
"Grouped Product","Kelompok Produk"
"Groups","Kelompok Pelanggan"
"Home","Beranda"
"ID","ID"
"ID: %s","ID: %s"
"If empty, the Category Name will be used","Jika Kosong, Kategori Nama akan digunakan"
"If empty, the Product Name will be used","Jika Kosong, Nama Produk akan digunakan"
"If you do not specify an option value for a specific store view then the default (Admin) value will be used.","Bila Anda tidak menetapkan sebuah nilai pilihan untuk sebuah tampilan khusus toko maka (Admin) nilai standar akan digunakan. "
"Image","Gambar"
"Image content is not valid base64 data.","Isi gambar tidak berlaku base64 data. "
"Image does not exist.","Gambar tidak ada."
"Image file was not found.","file gambar tidak ditemukan"
"Image type and information need to be specified for each store view.","Tipe gambar dan informasi harus di tetapkan untuk tampilan setiap toko."
"In Cart","Di Cart"
"In Stock","Tersedia"
"In stock","Stok ada"
"Incl. Tax","Incl. Tax"
"Index product and categories URL rewrites","Indek produk dan kategori URL rewrites"
"Index product attributes for layered navigation building","Indek produk atribut bangunan"
"Index product prices","Indek harga produk"
"Indexed category/products association","Asosiasi Kategori pengindekan/produk"
"Info","Info"
"Info Column Options Wrapper","Info kolom Opsi Wrapper"
"Input Type","Masukan Tipe"
"Integer","Bilangan Bulat"
"Interval Division Limit","Interval Division Limit"
"Invalid Tier Prices","Harga tingkat tidak berlaku"
"Invalid attribute %s","Atribut Tidak berlaku %s"
"Invalid attribute option specified for attribute %s (%s), skipping the record.","Pilihan tidak valid untuk atribut atribut yang ditetapkan %s (%s), lewati record."
"Invalid attribute set specified, skipping the record.","Atribut tidak valid ditetapkan, lewati record."
"Invalid block: %s.","Blok tidak Valid: %s."
"Invalid category IDs.","Kategori IDs tidak valid."
"Invalid category.","Kategori tidak valid."
"Invalid image file type.","Tipe file gambar tidak valid."
"Invalid image type.","Tipe Gambar Tidak Berlaku."
"Invalid option ID specified for %s (%s), skipping the record.","Opsi ID tidak valid ditentukan %s (%s), lewati record."
"Invalid product type specified, skipping the record.","Tipe produk tidak valid ditentukan, lewati record."
"Invalid store specified","Toko yang ditentukan tidak valid"
"Invalid store specified, skipping the record.",""Toko yang ditentukan tidak valid, lewati catatan."
"Invalid tier prices. The product is not associated to the requested website.","Invalid tier prices. The product is not associated to the requested website."
"Inventory","Inventori"
"Is Default","Adalah Patokan"
"Is Required","Diperlukan"
"Items %s to %s of %s total","Barang %s ke %s dari %s total"
"Items that you do not want to show in the catalog or search results should have status 'Disabled' in the desired store.","Items yang tidak anda inginkan untuk tampil pada katalog atau hasil pencarian harus memiliki status 'tidak aktif' pada toko yang diinginkan."
"Items that you don't want to show in the catalog or search results should have status 'Disabled' in the desired store.","Barang yang tidak ingin anda tampilkan dalam katalog dan pencarian harus memiliki status "Tidak Aktif" pada toko yang diinginkan."
"Keep your eyes open for our special Back to School items and save A LOT!","Jaga mata Anda tetap terbuka untuk Kembali istimewa kami untuk item Sekolah dan menyimpan BANYAK! "
"Label","Label"
"Last Name","Nama akhir"
"Last Notification","Notifikasi AKhir"
"Layered Navigation","Navigasi Berlapis"
"Learn More","Selengkapnya"
"Line %d, Email: %s","Garis %d, Email: %s"
"Line %d, SKU: %s","Garis %d, SKU: %s"
"Link (Related, Up sell, Cross sell)","Tautan (Berhubungan, Up sell, Cross sell)"
"Link product does not exist.","Link produk tidak ada."
"Link to a Specified Category","Link ke kategori ditentukan"
"Link to a Specified Product","Link ke produk ditentukan"
"List","Daftar"
"List Mode","Mode Daftar"
"List of Products that are set as New","Daftar produk yang diatur sebagai produk baru"
"List of types","List of types"
"Manage Attribute Sets","Kelola Set Atribut"
"Manage Attributes","Kelola Atribut"
"Manage Catalog Categories","Kelola Kategori"
"Manage Categories","Kelola Kategori"
"Manage Label / Options","Kelola Label / Pilihan"
"Manage Options (values of your attribute)","Kelola Pilihan (nilai dari atribut anda)"
"Manage Product Attributes","Kelola Atribut Produk"
"Manage Product Sets","Kelola Set Produk"
"Manage Products","Kelola  Produk"
"Manage Stock","Kelola Stok"
"Manage Titles (Size, Color, etc.)","Kelola Judul (Ukuran, Warna, dll.)"
"Max Characters","Karakter Maksimuml"
"Maximal Depth","Kedalaman Maksimal"
"Maximum Image Size","Ukuran Gambar Maksimum"
"Maximum Number of Price Intervals","Maximum Number of Price Intervals"
"Maximum Qty Allowed in Shopping Cart","Maksimum Kuantitas yang diperbolehkan dalam cart"
"Maximum allowed image size for '%s' is %sx%s px.","Maximum allowed image size for '%s' is %sx%s px."
"Maximum image height","Tinggi Gambar Maksimum"
"Maximum image width","Lebar Gambar Maksimum"
"Maximum number of characters:","Jumlah karakter maksimum:"
"Maximum number of price intervals is 100","Maximum number of price intervals is 100"
"Media Image","Gambar Media"
"Minimum Advertised Price","Harga Jual Minimum"
"Minimum Lines per Page","Minimum garis per halaman"
"Minimum Qty Allowed in Shopping Cart","Minimum Kuantitas yang diperbolehkan dalam cart"
"Minimum Qty for Item\'s Status to be Out of Stock","Jumlah minimum untuk status barang yang akan habis"
"Missing SKU, skipping the record.","SKU Hilang, lewati record."
"More Views","Gambar Selengkapnya"
"Move","Pindah"
"Move category in tree","Pindahkan kategori pada pohon"
"Multi update product","Multi update product"
"Must be in the allowed values list.","Harus dalam daftar nilai yang diperbolehkan. "
"N/A","N/A"
"Name","Nama"
"Name in %s","Nama Pada %s"
"New Product","Produk Baru"
"New Product Attribute","Atribut Produk Baru"
"New Products","Produk Baru"
"New Products Grid Template","template Kisi Produk Baru"
"New Products List Template","template Daftar Produk Baru"
"New Root Category","Kategori sumber baru"
"New Search","Pencarian"
"New Set Name","Nama Set Baru"
"New Subcategory","Sub Kategori Baru"
"New products","New products"
"Next","Lanjut"
"No","Tidak"
"No image","Tidak ada Gambar"
"No layout updates","Tidak ada Perbaruan Tampilan"
"No options of this product are available.","Tidak ada pilihan dari produk yang tersedia."
"No product collections found.","tidak ada koleksi produk ditemukan."
"None","Tidak satupun"
"Not Visible Individually","tidak tampak secara individu"
"Notify Low Stock RSS","Memberitahukan RSS Saham Rendah "
"Notify for Quantity Below","Beritahu untuk Kuantitas Dibawah"
"Number of Products per Page","Number of Products per Page"
"Number of Products to Display","Jumlah Produk Untuk ditampilkan"
"Number of Uses","Jumlah penggunaan"
"Number of results","Number of results"
"Number of results (For the last time placed)","Number of results (For the last time placed)"
"OK","OK"
"OR","ATAU"
"Old Price:","Harga Lama:"
"On Gesture","Pada Gesture"
"Option validation failed to add product to cart.","Pilihan validasi gagal menambah produk ke keranjang. "
"Option values","Option values"
"Option:","Pilihan:"
"Options","Opsi"
"Options Control","Opsi Pengawasan"
"Options is required","Opsi diperlukan"
"Our customer service is available 24/7. Call us at (555) 555-0123.","Our customer service is available 24/7. Call us at (555) 555-0123."
"Out of Stock","Habis"
"Out of stock","Habis"
"PM","PM"
"Page Title Separator","Pembatas Judul Halaman"
"Parent Category","Kategori Atas"
"Pending","Tunda"
"Pending Reviews RSS","RSS dari review yang ditunda"
"Percentage","Persentasi"
"Please add rows to option.","Harap tambahkan baris ke pilihan. "
"Please be careful as once you click on the row it will load package data form the selected file and all unsaved form data will be lost.","Mohon Hati-hati karena setelah anda klik pada baris itu akan memuat data dalam bentuk paket file terpilih dan semua data formulir yang belum disimpan akan hilang."
"Please click on the Close Window button if it is not closed automatically.","Silakan klik pada tutup tombol window jika tidak ini akan ditutup secara otomatis."
"Please enter a new group name","Tolong masukan nama kelompok yang baru"
"Please refresh ""Catalog URL Rewrites"" and ""Product Attributes"" in System -&gt; <a href=""%s"">Index Management</a>","Please refresh ""Catalog URL Rewrites"" and ""Product Attributes"" in System -&gt; <a href=""%s"">Index Management</a>"
"Please refresh ""Catalog URL Rewrites"" and ""Product Attributes"" in System -> <a href=""%s"">Index Management</a>","Please refresh ""Catalog URL Rewrites"" and ""Product Attributes"" in System -> <a href=""%s"">Index Management</a>"
"Please refresh ""Product Attributes"" in System -&gt; <a href=""%s"">Index Management</a>","Please refresh ""Product Attributes"" in System -&gt; <a href=""%s"">Index Management</a>"
"Please select a static block ...","Silakan pilih sebuah blok statis ..."
"Please select items.","Silakan Pilih items."
"Please select one or more attributes.","Tolong pilih satu atau beberapa atribut."
"Please select product(s).","Silakan pilih produk."
"Please select products for attributes update","Silakan pilih produk untuk atribut yang diperbarui"
"Please set up merge date/time","Please set up merge date/time"
"Please set up merge date/time later then present date","Please set up merge date/time later then present date"
"Please specify date required option(s).","Silakan tentukan tanggal opsi yang dibutuhkan."
"Please specify the number of products, that will not be divided into subintervals.","Please specify the number of products, that will not be divided into subintervals."
"Please specify the product required option(s)","Silakan tentukan Produk yang diminta"
"Please specify the product required option(s).","Silakan tentukan pilihan permintaan produk."
"Please specify the product\'s option(s).","Silakan tentukan pilihan produk."
"Please specify the product\'s required option(s).","Silakan tentukan pilihan produk yang dibutuhkan."
"Please specify the quantity of product(s).","Silakan tentukan Jumlah produk."
"Please specify time required option(s).","Silakan tentukan pilihan waktu yang dibutuhkan."
"Please wait...","Silahkan tunggu..."
"Position","Posisi"
"Position in Layered Navigation","Posisi dalam navigasi berlapis"
"Position of attribute in layered navigation block","Posisi dari atribut blok navigasi berlapis"
"Prev","sebelum"
"Previous","sebelumnya"
"Price","Harga"
"Price Navigation Step Calculation","Langkah Kalkulasi navigasi harga"
"Price Type","Tipe harga"
"Price is not available","Harga tidak tersedia"
"Price values for options should be specified in system base currency.","Harga nilai untuk pilihan harus ditentukan dalam sistem dasar mata uang."
"Price:","Harga:"
"Price: %s","Harga: %s"
"Print This Page","Print Halaman ini"
"Product","Produk"
"Product API","Produk API"
"Product Alerts","Pemberitahuan produk"
"Product Attribute","Atribut Produk"
"Product Attributes","Atribut Produk"
"Product Categories","Kategori Produk"
"Product Description","Deskripsi Produk"
"Product Extra Info","Info Tambahan Produk"
"Product Flat Data","Data Tingkat Produk"
"Product ID","ID produk"
"Product Image Placeholders","Gambar Produk Placeholder"
"Product Image Watermarks","Tanda Air Gambar Produk"
"Product Images","Gambar Produk"
"Product Images API","Gambar Produk API"
"Product In Websites","Produk dalam Situs"
"Product Info Column","Kolom Info Produk"
"Product Information","Informasi Produk"
"Product Link Block Template","Produk Link Blok Template"
"Product Link Inline Template","Produk Link Segaris Template"
"Product Listing Sort by","Produk Listing diurutkan oleh"
"Product Name","Nama Produk"
"Product Prices","Harga Produk"
"Product Reviews","Tinjauan produk"
"Product Tags","Tag Produk"
"Product Tier Price API","Harga Kelompok Produk API"
"Product Type","Tipe Produk"
"Product URL Suffix","Produk Akhiran URL"
"Product View Extra Hint","Tampilan Produk Extra Petunjuk"
"Product attribute sets API","Set Atribut Produk API"
"Product attributes API","atribut Produk API"
"Product collection expected.","Koleksi produk yang diharapkan. "
"Product is not loaded","Produk tidak dimasukan"
"Product links API (related, cross sells, up sells)","Tautan Produk API (terkait, penawaran, penjualan)"
"Product types API","Tipe Produk API"
"Product with this combination of attributes already associated to configurable.","Produk dengan kombinasi atribut ini telah diasosiasikan ke dapat dikonfigurasikan."
"Products","Produk"
"Products Comparison List","Products Comparison List"
"Products Information","Informasi Produk"
"Products Reviews","Review Produk"
"Products Sitemap","sitemap Produk"
"Products only","Hanya Produk"
"Products per Page on Grid Allowed Values","Produk per halaman pada grid nilai yang diijinkan"
"Products per Page on Grid Default Value","Produk per halaman pada nilai grid standar"
"Products per Page on List Allowed Values","Produk per halaman pada daftar nilai yang diijinkan"
"Products per Page on List Default Value","Produk perhalaman pada daftar nilai standar"
"Properties","Properti"
"Qty","Kuantitas"
"Qty Increments","Kuantitas Increments"
"Qty Uses Decimals","Kuantitas Mengunakan Desimal"
"Qty for Item\'s Status to Become Out of Stock","Qty for Item\'s Status to Become Out of Stock"
"Qty:","Kuantitas:"
"Quantity","Quantity"
"Quick Create","Buat cepat"
"Quick Overview","Sinopsis"
"Quick simple product creation","Penambahan varian produk"
"Records for ""%s"" store found.","Records for ""%s"" store found."
"Redirect","Mengarahkan"
"Redirect URL","Mengarahkan URL"
"Regular Price:","Harga Regular:"
"Related Products","Produk Sejenis"
"Remove","Hapus"
"Remove Product From Websites","Hilangkan Produk dari situs"
"Remove This Item","Hapus Item ini"
"Remove attribute from attribute set","Remove attribute from attribute set"
"Remove attribute set","Remove attribute set"
"Remove custom option","Remove custom option"
"Remove group from attribute set","Remove group from attribute set"
"Remove option","Remove option"
"Remove product assignment","Hapus penugasan produk"
"Remove product image","Hapus Gambar Produk"
"Remove product link","Hapus Tautan Produk"
"Remove value from custom option","Remove value from custom option"
"Rename existing group","Rename existing group"
"Rename group","Rename group"
"Reorganize EAV category structure to flat structure","Reorganisasi struktur kategori EAV untuk struktur datar"
"Reorganize EAV product structure to flat structure","Reorganisasi struktur Produk EAV untuk struktur datar"
"Reset","Set ulang"
"Results","Hasil"
"Retrieve attribute data","mengambil data atribut"
"Retrieve attribute list","Mengambil daftar atribut"
"Retrieve attribute options","Mengambil Pilihan atribut"
"Retrieve categories tree","Mengambil Turunan Kategori"
"Retrieve category attributes","Mengambil Atribut kategori"
"Retrieve category data","Mengambil Data Kategori"
"Retrieve hierarchical tree","Mengambil Turunan Hierarki"
"Retrieve linked products","Mengambil Poduk Bertautan"
"Retrieve list of assigned products","Mengambil Daftar dari Produk yang ditandai"
"Retrieve list of option values","Retrieve list of option values"
"Retrieve list of product custom options","Retrieve list of product custom options"
"Retrieve one level of categories by website/store view/parent category","Mengambil satu level dari kategori oleh situs/tampilan toko/kategori induk"
"Retrieve option value info","Retrieve option value info"
"Retrieve product","menerima produk"
"Retrieve product attribute sets","Mengambil set atribut produk"
"Retrieve product image","Mengambil gambar produk"
"Retrieve product image list","Mengambil daftar gambar produk"
"Retrieve product image types","mengambil tipe gambar produk"
"Retrieve product link type attributes","Mengambil atribut tipe tautan produk"
"Retrieve product link types","Mengambil tipe tautan produk"
"Retrieve product tier prices","Mengambil harga kelompok produk"
"Retrieve product types","Mengambil tipe produk"
"Retrieve products data","Mengambil data Produk"
"Retrieve products list by filters","Mengambil daftar produk oleh filter"
"Reviews","Tinjauan"
"Roll Over for preview","Taruh kursor pada gambar untuk contoh tampilan"
"Root","Sumber"
"SKU","SKU"
"SKU length should be %s characters maximum.","Panjang SKU harusnya %s Maksimum karakter."
"Save","Simpan"
"Save Attribute","Simpan Atribut"
"Save Attribute Set","Simpan Set Atribut"
"Save Category","Simpan Kategori"
"Save Search","Simpan pencarian"
"Save and Continue Edit","Simpan dan lanjutkan sunting"
"Saved %d record(s)","Simpan %d record(s)"
"Scope","lingkup"
"Scope must not be changed, because the attribute is used in configurable products.","Scope tidak boleh diganti, karena atribut digunakan pada produk bervarian."
"Search","Cari"
"Search Engine Optimizations","Optimalisasi Mesin Pencarian"
"Search Information","Pencarian Informasi"
"Search Query","Query Pencarian"
"Search Term with such search query already exists.","Istilah Pencarian dengan pertanyaan pencarian sudah ada."
"Search Weight","Search Weight"
"Searchable","Dapat dicari"
"See price before order confirmation.","LIhat harga sebelum konfirmasi pesanan."
"Select Category...","Pilih Kategori..."
"Select Configurable Attributes ","Select Configurable Attributes "
"Select Product...","Pilih Produk..."
"Select type of option","Pilih tipe pilihan"
"Select type options required values rows.","Pilih opsi jenis yang dibutuhkan baris nilai."
"Selected Product Types","Pilih Tipe Produk"
"Send Count","Banyak Terkirim"
"Set Ascending Direction","Set arah secara menaik"
"Set Descending Direction","Set arah secara menurun"
"Set Name","Set Nama"
"Set Root Category for Store","Set Kategori Root untuk toko"
"Set root category for this store in the <a href=""%s"">configuration</a>","Set root category for this store in the <a href=""%s"">configuration</a>"
"Set special price","Set harga khusus"
"Set/Get current store view","Set/Dapatkan tampilan toko saat ini"
"Settings","Pengaturan"
"Shop By","Belanja Oleh"
"Shopping Options","Pilih sesuai keinginan"
"Show","Tampilkan"
"Show Details","Lihat Detil"
"Show Tags","Lihat Tag"
"Simple Product","Produk Sederhana"
"Site Map","Sitemap"
"Sitemap","Sitemap"
"Skip import row, is not valid value ""%s"" for field ""%s""","Skip import row, is not valid value ""%s"" for field ""%s"""
"Skip import row, required field ""%s"" for the new customer is not defined.","Skip import row, required field ""%s"" for the new customer is not defined."
"Skip import row, the value ""%s"" is invalid for field ""%s""","Skip import row, the value ""%s"" is invalid for field ""%s"""
"Skipping import row, required field ""%s"" for new products is not defined.","Skipping import row, required field ""%s"" for new products is not defined."
"Skipping import row, required field ""%s"" is not defined.","Skipping import row, required field ""%s"" is not defined."
"Skipping import row, store ""%s"" field does not exist.","Skipping import row, store ""%s"" field does not exist."
"Skipping import row, the value ""%s"" is not valid for the ""%s"" field.","Skipping import row, the value ""%s"" is not valid for the ""%s"" field."
"Some of the processed products have no SKU value defined. Please fill it prior to performing operations on these products.","Some of the processed products have no SKU value defined. Please fill it prior to performing operations on these products."
"Some of the selected item options are not currently available.","Some of the selected item options are not currently available."
"Sort By","Urutkan berdasarkan"
"Sort Order","Urutan sortir"
"Source Model","Sumber Model"
"Special Expires On: %s","Kadaluarsa Khusus pada: %s"
"Special Price:","Harga khusus:"
"Special Price: %s","Harga Khusus: %s"
"Starting at:","Mulai dari:"
"Static","Statis"
"Static block and products","Blok statis dan produk"
"Static block only","Blok statis saja"
"Status","Status"
"Stock Availability","Ketersediaan Stok"
"Store","Toko"
"Store View","Tampilan toko"
"Stretch","Renggang"
"Subscribe to RSS Feed","Mendaftarkan diri ke RSS Feed"
"Super product attributes configuration","Ubah konfigurasi atribut"
"Synonym For","Sinonim Untuk"
"System Properties","Properti Sistem"
"Tag Name","Nama tag"
"Tax","Tax"
"Template","Template"
"Text","Teks"
"The Flat Catalog module has a limit of %2\$d filterable and/or sortable attributes. Currently there are %1\$d of them. Please reduce the number of filterable/sortable attributes in order to use this module","The Flat Catalog module has a limit of %2\$d filterable and/or sortable attributes. Currently there are %1\$d of them. Please reduce the number of filterable/sortable attributes in order to use this module"
"The From Date value should be less than or equal to the To Date value.","The From Date value should be less than or equal to the To Date value."
"The attribute code \'%s\' is reserved by system. Please try another attribute code","The attribute code \'%s\' is reserved by system. Please try another attribute code"
"The attribute model is not defined","Model atribut tidak ditentukan"
"The attribute set has been saved.","Set atribut sudah disimpan."
"The base directory to upload file is not specified.","Direktori dasar mengunggah file tidak ditentukan."
"The category has been deleted.","Kategori tersebut telah dihapus."
"The category has been saved.","Kategori tersebut telah disimpan."
"The comparison list was cleared.","Daftar perbandingan telah dihapus. "
"The file '%s' for '%s' has an invalid extension","The file '%s' for '%s' has an invalid extension"
"The file '%s' you uploaded is larger than %s Megabytes allowed by server","The file '%s' you uploaded is larger than %s Megabytes allowed by server"
"The file you uploaded is larger than %s Megabytes allowed by server","file yang Anda unggah lebih besar dari %s Megabytes yang diperbolehkan oleh Server"
"The filters must be an array.","Penyaring harus sebuah array. "
"The image contents is not valid base64 data.","Isi gambar tidak berlaku base64 data. "
"The image is not specified.","Gambar tidak ditentukan."
"The model collection resource name is not defined.","Nama sumber kolksei Model tidak didefinisikan."
"The product %s has been added to comparison list.","produk %s telah ditambahkan ke daftar perbandingan."
"The product %s has been removed from comparison list.","produk %s telah dihapus dari daftar perbandingan."
"The product attribute has been deleted.","Atribut produk sudah dihapus."
"The product attribute has been saved.","Atribut produk sudah disimpan."
"The product has been created.","Produk sudah dibuat."
"The product has been deleted.","Produk sudah dihapus."
"The product has been duplicated.","Produk sudah diduplikasi."
"The product has been saved.","Produk sudah disimpan."
"The product has required options","Produk membutuhkan pilihan"
"The review has been deleted","Tinjauan sudah dihapus"
"The review has been saved.","Tinjauan sudah disimpan."
"The review was removed by another user or does not exist.","Tinjauan sudah di hapus oleh pengguna lain atau sudah tidak ada."
"The search was deleted.","Pencarian sudah dihapus."
"The text is too long","Teks terlalu panjang"
"There are no %s available.","Tidak %s tersedia."
"There are no customers for this alert","Tidak ada pelanggan dari tanda ini"
"There are no customers for this alert.","Tidak ada pelanggan dari tanda ini."
"There are no products matching the selection.","Tidak ada produk yang cocok dari pilihan."
"There was an error while request processing.","error terjadi ketika memproses permintaan."
"This Attribute no longer exists","Atribut ini tidak ada"
"This attribute cannot be deleted.","Atribut tidak dapat dihapus."
"This attribute cannot be edited.","Atribut tidak dapat disunting."
"This attribute cannot be updated.","Atribut ini tidak dapat diperbarui."
"This attribute is used in configurable products.","Atribut ini digunakan pada produk bervarian."
"This attribute is used in configurable products. You cannot remove it from the attribute set.","Atribut ini digunakan pada produk bervarian. You cannot remove it from the attribute set."
"This attribute no longer exists","Atribut ni tidak ada"
"This attribute set no longer exists.","Set atribut ini tidak ada lagi."
"This group contains attributes, used in configurable products. Please move these attributes to another group and try again.","This group contains attributes, used in configurable products. Please move these attributes to another group and try again."
"This group contains system attributes. Please move system attributes to another group and try again.","This group contains system attributes. Please move system attributes to another group and try again."
"This is a required option","Ini dibutuhkan pilihan"
"This product no longer exists.","Produk ini sudah tidak ada."
"This search no longer exists.","Pencarian ini sudah tidak ada."
"This setting will be applied when all prices in the specific price interval are equal.","This setting will be applied when all prices in the specific price interval are equal."
"Tier Pricing","Tingkat Harga"
"Tile","Kotak-Kotak"
"Time Format","Format waktu"
"Title","Judul"
"To reindex the enabled product(s), the store or product must be specified","Untuk mengindeks produk tersebut, toko atau produk harus dipilih"
"To see product price, add this item to your cart. You can always remove it later.","To see product price, add this item to your cart. You can always remove it later."
"Top/Left","Atas/Kiri"
"Top/Right","Atas/Kanan"
"Total Qty Base Items","Total kuantitas barang dasar"
"Total Qty Content Items","Total Qty Content Items"
"Total incl. Tax: %1$s","Total incl. Tax: %1$s"
"Total of %d record(s) have been deleted.","Total dari %d record Telah dihapus."
"Total of %d record(s) have been updated.","Total of %d record telah dihapus."
"Total of %d record(s) were updated","Total of %d record(s) were updated"
"Type","Jenis"
"URL Rewrite Management","Manajemen URL Rewrite"
"Unable to complete this request.","Tidak dapat melengkapi permintaan ini."
"Unable to find a search term to delete.","Tidak dapat menemukan syarat pencarian untuk dihapus."
"Unable to find an attribute to delete.","Tidak dapat menemukan atribut untuk dihapus."
"Unable to get the product ID.","Tidak dapat mendapatkan produk ID."
"Unassigned Attributes","Atribut yang tidak ditugaskan"
"Unknown EAV indexer type ""%s"".","Unknown EAV indexer type ""%s""."
"Unknown attribute: %s.","Atribut tidak di ketahui: %s."
"Unsupported product type ""%s"".","Unsupported product type ""%s""."
"Up-sells","Up-sells"
"Update","Perbarui"
"Update Attributes","Perbarui atribut"
"Update Tier Price","perbarui kelompok harga"
"Update assigned product","perbarui produk yang ditandai"
"Update attribute","Update attribute"
"Update attributes","Perbarui Atribut"
"Update category","Perbarui kategori"
"Update custom option of product","Update custom option of product"
"Update product","Perbarui produk"
"Update product image","Perbarui gambar produk"
"Update product link","perbarui tautan produk"
"Update product tier prices","Perbarui kelompok harga produk"
"Update value of custom option","Update value of custom option"
"Upload new product image ","Upload new product image "
"Use Canonical Link Meta Tag For Categories","Penggunaan link canonical meta tag untuk kategori"
"Use Canonical Link Meta Tag For Products","Penggunaan link canonical meta tag untuk Produk"
"Use Categories Path for Product URLs","Gunakan Path kategori untuk Produk URLs"
"Use Config Settings","Gunakan setelan konfigurasi"
"Use Default Value","Gunakan nilai standar"
"Use Flat Catalog Category","Gunakan kategori katalog flat"
"Use Flat Catalog Product","Gunakan produk katalog flat"
"Use In Layered Navigation","Gunakan dalam navigasi berlapis"
"Use In Search Results Layered Navigation","Gunakan pada hasil pencarian navigasi berlapis"
"Use JavaScript Calendar","Gunakan kalender JavaScript"
"Use Static URLs for Media Content in WYSIWYG for Catalog","Gunakan URLs statis untuk Media Content pada WYSIWYG untuk katalog"
"Use To Create Configurable Product","Gunakan untuk Membuat Produk yang dapat Dikonfigurasikan"
"Use Tree Like Category Sitemap","Gunakan turunan seperti kategori Sitemap"
"Use config","Gunakan konfig"
"Use default","Gunakan standar"
"Use for Promo Rule Conditions","gunakan untuk kondisi aturan promo"
"Use four-digit year format.","Gunakan Format tahun empat digit."
"Use in Advanced Search","Gunakan dalam pencarian lanjutan"
"Use in Layered Navigation","Gunakan dalam navigasi berlapis"
"Use in Layered Navigation<br/>(Can be used only with catalog input type 'Dropdown')","Gunakan dalam navigasi berlapis<br/>(hanya dapat digunakan dengan masukan katalog tipe 'Dropdown')"
"Use in Quick Search","gunakan dalam pencarian cepat"
"Used for Sorting in Product Listing","Gunakan untuk memilah dalam daftar produk"
"Used in Product Listing","gunakan dalam daftar produk"
"Value for ""%s"" is invalid.","Value for ""%s"" is invalid."
"Value for ""%s"" is invalid: %s","Value for ""%s"" is invalid: %s"
"Varchar","Varchar"
"View as","Lihat sebagai"
"Virtual Product","Produk Maya"
"Visibility","terlihat"
"Visible","Tampak"
"Visible on Catalog Pages on Front-end","Tampak pada Halam Katalog pada Halaman Depan"
"Visible on Product View Page on Front-end","Terlihat pada halaman tampilan produk ujung depan"
"WYSIWYG Editor","WYSIWYG Editor"
"Watermark","Tanda air"
"Watermark Default Size","Ukuran Patokan Tanda air"
"Watermark Opacity, Percent","Watermark Opacity, Percent"
"Watermark Position","Letak Stampel"
"We Also Recommend","Kami juga merekomendasikan"
"Website","Situs"
"Website Item Must be checked","Website Item Must be checked"
"Website Store Must be checked","Website Store Must be checked"
"Websites","Situs"
"What's this?","Apa ini?"
"Whether to show ""All"" option in the ""Show X Per Page"" dropdown.","Whether to show ""All"" option in the ""Show X Per Page"" dropdown."
"Will make search for the query above return results for this search.","Will make search for the query above return results for this search."
"Wrong BuyRequest instance in options group.","Wrong BuyRequest instance in options group."
"Wrong configuration item instance in options group.","Barang konfigurasi yang salah Contohnya di grup pilihan."
"Wrong configuration item option instance in options group.","Barang pilihan konfigurasi yang salah Contohnya di grup pilihan."
"Wrong option instance type in options group.","Pilihan yang salah Contohnya jenis di grup pilihan."
"Wrong option type to get group instance.","Jenis pilihan yang salah untuk mendapatkan contoh grup."
"Wrong product instance type in options group.","Produk yang salah contohnya jenis dari grup pilihan."
"Wrong product type filter specified","Jenis Produk yang salah filter ditentukan"
"Wrong product type to extract configurable options.","Jenis produk yang salah untuk mengambil pilihan konfigurasi."
"Year Range","Kisaran tahun"
"Yes","Ya"
"You cannot remove system attribute from this set.","Anda tidak dapat membuang atribut dari set ini"
"You have no items to compare.","Anda belum memilih produk untuk dibandingkan."
"You may also be interested in the following product(s)","Anda mungkin akan tertarik pada produk-produk ini"
"Zoom In","Perbesar"
"Zoom Out","Perkecil"
"and","dan"
"and above","and above"
"categories","Kategori"
"each","masing masing"
"ex. http://domain.com","ex. http://domain.com"
"leave blank if its not an image","tidak perlu diisi jika bukan sebuah gambar"
"per page","Per Halaman"
"products","produk"
"px.","px."
"save","simpan"
"select all","Pilih Semua"
"unselect all","Tidak memilih semua"
"x","x"
