" But cart has some errors."," [fuzzy] Tapi keranjang ada beberapa error."
" Note: Image size affects the performance of your app."," Note: Image size affects the performance of your app."
"""Description"" is more than %d characters long","""Description"" is more than %d characters long"
"""Title"" is more than %d characters long","""Title"" is more than %d characters long"
"""id"" attribute is required for a ""%s"" field.","""id"" attribute is required for a ""%s"" field."
"""line_count"" attribute is required for ""multiline"" element.","""line_count"" attribute is required for ""multiline"" element."
"""message"" attribute is required for ""%s"" validator rule.","""message"" attribute is required for ""%s"" validator rule."
"%1$s has been added to your wishlist.","%1$s Telah di tambahkan dalam wishlist Anda."
"%1$s incl tax.","%1$s termasuk pajak."
"%@ is not correct","%@ is not correct"
"%s API Key required.","%s dibutuhkan API Key."
"%s Application ID required.","%s ID aplikasi dibutuhkan."
"%s Secret Key required.","%s dibutuhkan Secret Key."
"%s attribute is required.","%s attribute is required."
"%s fields is required","%s fields is required"
"%s has been added to your cart.","%s telah ditambahkan pada keranjang Anda."
"%s id:","%s id:"
"%s was updated in your shopping cart.","%s diperbarui pada cart Anda."
"(Includes more countries than those listed below. As the application owner, you are responsible for complying with country-specific laws related to the distribution or sale of your application into that country, including your home country.)","(Includes more countries than those listed below. As the application owner, you are responsible for complying with country-specific laws related to the distribution or sale of your application into that country, including your home country.)"
"* - field is required","* - field is required"
"*Subject to change","*Subjek untuk dirubah"
"1. Please select type of the action:","1. Please select type of the action:"
"10:40 AM","10:40 AM"
"2. Please select a page","2. Please select a page"
"2. Type Category Name","2. Type Category Name"
"2. Type Product Name","2. Type Product Name"
"80px x 80px","80px x 80px"
"80x80 px","80x80 px"
"<a href=""%s"" target=""_blank"">Login</a> to Urban Airship.","<a href=""%s"" target=""_blank"">Login</a> to Urban Airship."
"A Catalog Only App will not support functions such as add to cart, add to wishlist, or login.","Sebuah Katalog Hanya Aplikasi tidak akan mendukung fungsi seperti tambahkan ke keranjang, menambah daftar harapan, atau login."
"A new password has been sent.","Kata sandi baru telah dikirim"
"About","About"
"Access forbidden","Access forbidden"
"Account","Akun"
"Account Information","Informasi akun"
"Account Settings","Account Settings"
"Account confirmation is required. Please check your email for the confirmation link.","Account confirmation is required. Please check your email for the confirmation link."
"Account information has been saved.","Informasi akun telah disimpan."
"Action","Aksi"
"Action type does\'t recognized","Action type does\'t recognized"
"Action type does\'t recognized.","Action type does\'t recognized."
"Action type doesn\'t recognized.","Action type doesn\'t recognized."
"Activate","Aktivasi"
"Activate PayPal Checkout","Aktivasi PayPal Checkout"
"Activate PayPal MECL","Activate PayPal MECL"
"Activation Key","Kunci aktivasi"
"Add","Tambah"
"Add Action","Add Action"
"Add Address from Contacts","Add Address from Contacts"
"Add App","Tambah App"
"Add Custom","Add Custom"
"Add New Address","Tambahkan alamat baru"
"Add New Template","Tambah Template Baru"
"Add Page","Tambah halaman"
"Add To Wishlist","Add To Wishlist"
"Add a billing address","Add a billing address"
"Add a shipping address","Add a shipping address"
"Add to Cart","Tambah ke keranjang"
"Add to Wishlist","Tambah ke wishlist"
"Adding Product to Cart...","Adding Product to Cart..."
"Adding Product to WishList...","Adding Product to WishList..."
"Additional Address","Alamat tambahan"
"Additional Info","Additional Info"
"Address","Alamat"
"Address 2","Alamat 2"
"Address Book","Buku alamat"
"Address Book Updated","Address Book Updated"
"Address Info","Address Info"
"Address book is empty","Address book is empty"
"Address data not specified.","Data alamat tidak ditentukan"
"Address does not belong to this customer.","Bukan data Alamat pelanggan ini"
"Address has been deleted.","Alamat telah dihapus"
"Address has been saved.","Alamat telah disimpan."
"Admin Application Settings","Admin Application Settings"
"Admin Mobile Application","Admin Mobile Application"
"Admin application has not been enabled","Admin application has not been enabled"
"Administrative contact for this app and for app submission issues.","kontak administrasi untuk aplikasi ini dan untuk masalah pengajuan aplikasi."
"Advanced Settings","Pengaturan lanjutan"
"After submitting the App to Magento, please contact <a href=""mailto:%1$s"">%1$s</a> to receive the Application Key, Application Secret and Application Master Secret.","After submitting the App to Magento, please contact <a href=""mailto:%1$s"">%1$s</a> to receive the Application Key, Application Secret and Application Master Secret."
"AirMail Message Queue","Antrian Pesan AirMail"
"AirMail Messages Queue","Antrian Pesan AirMail"
"AirMail Template Preview","Tinjauan Template AirMail"
"AirMail message","Pesan AirMail"
"AirMail templates","Template AirMail"
"All Allowed Countries","Semua Negara Yang Diijinkan"
"All Images","All Images"
"All locations","Semua lokasi"
"Amount","jumlah"
"Amount in %@","Amount in %@"
"Amounts","Jumlah"
"An account with this email address already exists.","Akun dengan alamat email ini sudah ada."
"An error occurred while adding item to wishlist.","error terjadi ketika menambahkan item ke wishlist."
"An error occurred while deleting the address.","error terjadi ketika menghapus alamat."
"An error occurred while loading categories.","An error occurred while loading categories."
"An error occurred while loading category filters.","error terjadi ketika memuat filter kategori ."
"An error occurred while loading configuration.","An error occurred while loading configuration."
"An error occurred while loading localization.","An error occurred while loading localization."
"An error occurred while loading login form.","An error occurred while loading login form."
"An error occurred while loading wishlist.","An error occurred while loading wishlist."
"An error occurred while processing your order. Please contact us or try again later.","An error occurred while processing your order. Please contact us or try again later."
"An error occurred while processing your request.","error terjadi ketika memproses permintaan Anda."
"An error occurred while removing item from wishlist.","error terjadi ketika menghapus item dari wishlist."
"An error occurred while removing items from wishlist.","error terjadi ketika menghapus item dari wishlist."
"Analytics","Analitis"
"Android","Android"
"Android doesn\'t support AirMail message type.","Android doesn\'t support AirMail message type."
"App Background","Latar belakang Aplikasi "
"App Background (landscape mode)","App Background (landscape mode)"
"App Background (landscape mode).","Latar belakang aplikasi (Mode landskap)."
"App Background (portrait mode)","App Background (portrait mode)"
"App Background (portrait mode).","Latar belakang aplikasi (Mode potret)."
"App Background image missing.","Gambar latar belakang aplikasi hilang"
"App Code","Kode aplikasi"
"App Information","Informasi aplikasi"
"App Name","Nama Aplikasi"
"App Stores","Toko aplikasi"
"App Submission History","Riwayat pengajuan aplikasi"
"App Title","Judul aplikasi"
"App code","App code"
"App code required.","Kode aplikasi dibutuhkan"
"App does not exist.","Aplikasi tidak ada"
"App has been deleted.","Aplikasi telah dihapus"
"App has been saved.","Aplikasi telah disimpan"
"App has been submitted.","Aplikasi telah diproses."
"App model not loaded.","Model aplikasi tidak dimasukan"
"App with specified code does not exist.","Aplikasi dengan kode tertentu tidak ada"
"Appears in the info section of your app (example: Copyright 2010 – Your Company, Inc.)","Appears in the info section of your app (example: Copyright 2010 – Your Company, Inc.)"
"Application","Aplikasi"
"Application Key","Kunci aplikasi"
"Application Master Secret","Rahasia master aplikasi"
"Application Name","Nama Aplikasi"
"Application Secret","Rahasia aplikasi"
"Application doesn\'t exist.","Application doesn\'t exist."
"Apply","Terapkan"
"Applying Coupon Code","Applying Coupon Code"
"Applying Gift Card %@","Applying Gift Card %@"
"Are you sure you want to cancel a message?","Apakah Anda yakin ingin membatalkan pesan?"
"Are you sure you want to cancel selected records?","Are you sure you want to cancel selected records?"
"Are you sure you want to delete a message?","Apakah Anda yakin anda ingin menghapus pesan?"
"Are you sure you want to delete selected records?","Are you sure you want to delete selected records?"
"Are you sure you want to delete this theme? This change will affect all applications.","Are you sure you want to delete this theme? This change will affect all applications."
"Are you sure you want to do this?","Apakah anda ingin melakukan ini?"
"Are you sure you want to remove this item?","Are you sure you want to remove this item?"
"As Low As","As Low As"
"As Low Excl. Tax","As Low Excl. Tax"
"As Low Incl. Tax","As Low Incl. Tax"
"As a Magento customer, Urban Airship is offering you unlimited Push Notifications and Rich Push for $100/year* along with a 60 day free trial.","Sebagai seorang pelanggan Magento, Urban Airship menawarkan Anda Notifikasi Push dan Rich Push untuk $100/tahun* bersama dengan percobaan gratis 60 hari."
"As low as","Mulai dari"
"As low as excl. tax","As low as excl. tax"
"As low as incl. tax","As low as incl. tax"
"At last one application has to be created.","At last one application has to be created."
"At least one option should be selected","At least one option should be selected"
"Authentication complete.","Otentifikasi lengkap"
"Authentication to %@ did failed...","Authentication to %@ did failed..."
"Average Order Amount","Rata-rata Jumlah pesanan"
"Average Orders","Rata-rata Pesanan"
"Average Rating","Average Rating"
"Back","Kembali"
"Back to App Edit","Kembali ke suntingan aplikasi"
"Background Color","Warna latar belakang"
"Balance","Balance"
"Balance Change","Balance Change"
"Balance History","Balance History"
"Banner on Home Screen","Banner pada Layar Beranda"
"Banner on Home Screen (landscape mode)","Banner on Home Screen (landscape mode)"
"Banner on Home Screen (landscape mode) image missing.","Banner pada Home Screen (mode lanskap) gamabar hilang."
"Banner on Home Screen (portrait mode)","Banner on Home Screen (portrait mode)"
"Banner on Home Screen (portrait mode) image missing.","Banner pada Home Screen (mode portrait) gambar hilang."
"Banner on Home Screen image missing.","Banner pada Layar gambar Beranda Hilang "
"Banners on Home Screen","Banners on Home Screen"
"Best Sellers","Best Sellers"
"Billing","Tagihan"
"Billing Address","Alamat Tagihan"
"Billing address","Billing address"
"Billing address has been set.","Alamat tagihan telah diatur"
"Bundle Products","Bundle Products"
"Buy %1$s for %2$s","Beli %1$s untuk%2$s"
"Buy %1$s for %2$s (%3$s incl. tax) each","Buy %1$s for %2$s (%3$s incl. tax) each"
"Buy %1$s for %2$s each","Beli %1$s untk %2$s masing masing"
"Buy %1$s with %2$s discount each","Beli %1$s dengan %2$s masing- masing diskon"
"Buy More & Save","Buy More & Save"
"Buyer country is not allowed by store.","Negara pembeli tidak diijinkan oleh toko."
"CMS Page","CMS halaman"
"CMS Pages haven\'t been found.","CMS Pages haven\'t been found."
"Cache Lifetime (seconds)","Cache Seumur Hidup (detik)"
"Cache Management","Pengelolaan cache"
"Can\'t add item to shopping cart.","Bisa\tidak bisa menambah item ke Cart belanja"
"Can\'t apply the coupon code.","Bisa\tidak bisa menerapkan kode kupon"
"Can\'t copy file ""%s"" to ""%s"".","Can\'t copy file ""%s"" to ""%s""."
"Can\'t create wishlist.","Bisa\tidak bisa membuat wishlist"
"Can\'t delete ""%s"" theme.","Can\'t delete ""%s"" theme."
"Can\'t load XML.","Bisa\tidak bisa memasukan XML"
"Can\'t load admin application settings.","Can\'t load admin application settings."
"Can\'t load application with id ""%s""","Can\'t load application with id ""%s"""
"Can\'t load cart info.","Can\'t load cart info."
"Can\'t load cart.","Can\'t load cart."
"Can\'t load customer form.","Can\'t load customer form."
"Can\'t load default themes.","Bisa\tidak bisa memuat theme standar."
"Can\'t load selected theme. Please check your media folder permissions.","Can\'t load selected theme. Please check your media folder permissions."
"Can\'t load template with id ""%s""","Can\'t load template with id ""%s"""
"Can\'t open submission form.","Bisa\ tidak bisa membuka pengajuan formulir"
"Can\'t read file ""%s"".","Can\'t read file ""%s""."
"Can\'t remove the item.","Bisa\tidak bisa menghapus item"
"Can\'t reset theme.","Bisa\tidak bisa mereset tema."
"Can\'t save address.","Bisa\tidak bisa menyimpan alamat"
"Can\'t save the customer.","Bisa\tidak bisa menyimpan pelanggan"
"Can\'t save theme.","Bisa\tidak bisa menyimpan tema"
"Can\'t show configuration.","Bisa\tidak bisa memunculkan konfigurasi"
"Can\'t specify product.","Bisa\tidak bisa menentukan produk"
"Can\'t submit application.","Bisa\tidak bisa memproses aplikasi"
"Can\'t update cart.","Bisa\tidak bisa memperbarui keranjang."
"Can\'t write to file ""%s"".","Can\'t write to file ""%s""."
"Cancel","Batal"
"Canceled","Dibatalkan"
"Canceling PayPal ...","Canceling PayPal ..."
"Cancelled","Dibatalkan"
"Cannot apply gift card.","Cannot apply gift card."
"Cannot configure product.","Tidak dapat mengkonfigurasi produk"
"Cannot load theme ""%s"".","Cannot load theme ""%s""."
"Cannot redeem Gift Card.","Cannot redeem Gift Card."
"Cannot remove gift card.","Cannot remove gift card."
"Cannot save theme ""%s"". Incorrect data received","Cannot save theme ""%s"". Incorrect data received"
"Cannot update the item.","Tidak dapat memperbarui barang"
"Card Verification Number","Nomor verifikasi kartu"
"Card verification number is wrong","Nomor verifikasi kartu salah"
"Carrier","Pengangkut"
"Cart","keranjang"
"Cart Updated","Cart Updated"
"Cart has been updated.","Keranjang telah diperbarui"
"Cart has some errors.","Keranjang mengalami beberapa masalah"
"Cart is empty.","Keranjang kosong."
"Catalog Only App?","Hanya aplikasi katalog?"
"Category","Kategori"
"Category Button Color","Warna tombol kategori"
"Category Item Background Color","Warna latar belakang kategori item"
"Cc:","Cc:"
"Chairs","Kursi"
"Change Orientation","Ubah orientasi"
"Change Password","Ubah kata sandi"
"Changes have been saved to theme.","Perubahan telah di simpan ke tema."
"Check","Check"
"Check Gift Card","Check Gift Card"
"Check Gift Card Promo Redeemed","Check Gift Card Promo Redeemed"
"Checking Gift Card %@","Checking Gift Card %@"
"Checkout","Checkout"
"Checkout Page Registration","Checkout Page Registration"
"Checkout as Guest","Checkout sebagai tamu"
"Checkout as Guest or Register","Checkout as Guest or Register"
"Checkout has been initialized.","Checkout telah di inialisasi."
"Checkout initialization...","Checkout initialization..."
"Checkout initialized!","Checkout initialized!"
"Choose Store View","Pilih Tampilan Foto"
"Choose amount","Choose amount"
"Choose file","Choose file"
"City","Kota"
"Clear","Bersihkan"
"Close","Tutup"
"Color Themes","Warna Tema"
"Colors","Warna"
"Commiting updates...","Commiting updates..."
"Company","Perusahaan"
"Completed","Lengkap"
"Configuration data have been saved","Configuration data have been saved"
"Configure Cart Item","Konfigurasi keranjang barang"
"Confirm New Password","Konfirmasi kata sandi baru"
"Confirm Password","Konfirmasi kata sandi"
"Connecting","Connecting"
"Connection Error\nWe\'re sorry. The app is experiencing connection problems. The app requires a network connection to operate.","Connection Error\nWe\'re sorry. The app is experiencing connection problems. The app requires a network connection to operate."
"Contact Email","Email kontak"
"Contact Information","Informasi kontak"
"ContactsAreEmpty","ContactsAreEmpty"
"Container is not defined.","Container is not defined."
"Content","Isi"
"Continue","Lanjutkan"
"Copyright","Hak cipta"
"Copyright Page Logo","Logo halaman hak cipta"
"Copyright Page Logo (iPhone 4 retina)","Copyright Page Logo (iPhone 4 retina)"
"Copyright: Magento (c) 2010","Copyright: Magento (c) 2010"
"Countries","Countries"
"Countries Payment Applicable From","Pembayaran Negara terkait dari"
"Country","Negara"
"Country options don\'t recognized for ""%s"".","Country options don\'t recognized for ""%s""."
"Coupon code %s is not valid.","Kode kupon %s tidak valid."
"Coupon code %s was applied.","Kode kupon %s telah diterapkan."
"Coupon code is empty.","Kode kupon kosong."
"Coupon code was canceled.","Kode kupon dibatalkan."
"Create Account","Create Account"
"Create an Account","Buat sebuah akun"
"Creating a Template is allowed only for applications which have device type iPhone.","Membuat Template diperbolehkan hanya untuk aplikasi yang memiliki perangkat jenis iPhone"
"Credit Card","Kartu Kredit"
"Credit Card %s","Kartu Kredit %s"
"Credit Card Number","Nomor kartu kredit"
"Credit Card Type","Jenis kartu kredit"
"Credit card number does not match credit card type.","Nomor kartu kredit tidak sesuai dengan jenis kartu kredit."
"Cross Sells","Cross Sells"
"Current Balance: %s","Current Balance: %s"
"Current Password","Kata sandi saat ini"
"Currently, the system does not support the viewing of the order detail.","Currently, the system does not support the viewing of the order detail."
"Custom App Icon","Ikon aplikasi khusus"
"Custom App Icon (iPhone 4 retina)","Custom App Icon (iPhone 4 retina)"
"Custom Colors","Warna khusus"
"Custom amount","Custom amount"
"Customer","Pelanggan"
"Customer Name","Nama Pelanggan"
"Customer authentication problem.","Masalah otentifikasi pelanggan"
"Customer balance available in enterprise version of Magento only.","Customer balance available in enterprise version of Magento only."
"Customer balance is disabled for current store","Customer balance is disabled for current store"
"Customer email not specified.","Email pelanggan tidak ditentukan"
"Customer logout problem.","Masalah logout pelanggan"
"Customer not logged in.","Pelanggan tidak logged in."
"Customers","Pelanggan"
"DD","DD"
"Date","Tanggal"
"Date Created","Tanggal dibuat"
"Date Submitted","Tanggal diproses"
"Date Updated","tanggal diperbarui"
"Date:","Date:"
"Day","Hari"
"Deeper Messaging and Engagement with Rich Push.","Pesan Lebih dalam dan Keterlibatan dengan Push Rich."
"Default Billing Address","Alamat tagihan standar"
"Default Shipping Address","Alamat pengiriman standar"
"Default Theme","Tema standar"
"Default themes are missed.","Default themes are missed."
"Delete","Hapus"
"Delete Action","Delete Action"
"Delete theme","Hapus tema"
"Deleted","Hapus"
"Description","Deskripsi"
"Description that appears in Android Market. %s chars maximum. ","Description that appears in Android Market. %s chars maximum. "
"Description that appears in the iTunes App Store. %s chars maximum. ","Description that appears in the iTunes App Store. %s chars maximum. "
"Deselect All","Tidak dipilih semua"
"Design","Desain"
"Device","Alat"
"Device Information","Informasi alat"
"Device Type","Jenis alat"
"Device doesn\'t recognized","Device doesn\'t recognized"
"Device doesn\'t recognized. Unable to load a template.","Device doesn\'t recognized. Unable to load a template."
"Device doesn\'t recognized: ""%s"". Unable to load a helper.","Device doesn\'t recognized: ""%s"". Unable to load a helper."
"Device doesn\'t recognized: ""%s"". Unable to load preview model.","Device doesn\'t recognized: ""%s"". Unable to load preview model."
"Device type doesn\'t recognized.","Device type doesn\'t recognized."
"Discount code is empty","Discount code is empty"
"Discount:","Discount:"
"Done","Sudah"
"Downloadable Products Updated","Downloadable Products Updated"
"Downloads limit:","Downloads limit:"
"E-mail","E-mail"
"Edit","Sunting"
"Edit Action","Edit Action"
"Edit Address","Sunting alamat"
"Edit AirMail Message","Sunting pesan AirMail"
"Edit AirMail Message Queue #%s","Sunting antrian pesan AirMail#%s"
"Edit App ""%s""","Edit App ""%s"""
"Edit Filter","Sunting Filter"
"Edit Image","Edit Image"
"Edit Mail List","Edit Mail List"
"Edit Template ""%s""","Edit Template ""%s"""
"Edit filter","Edit filter"
"Edit note","Edit note"
"Either remote URL or application code was not set. Please make sure you filled all the values and try again.","Either remote URL or application code was not set. Please make sure you filled all the values and try again."
"Element with id %s already exists","Element with id %s already exists"
"Email","Email"
"Email Address","Alamat Email"
"Email address you provided is not valid. Please provide a valid one.","Email address you provided is not valid. Please provide a valid one."
"Email is not correct","Email is not correct"
"Email is not specified","Email is not specified"
"Enable Admin Application","Enable Admin Application"
"Enable AirMail Message Push notification","Aktifkan Notifikasi Pesan push AirMail"
"Enable Facebook","Aktifkan Facebook"
"Enable Flurry Analytics","Aktifkan analisa Flurry"
"Enable Flurry Analytics for the merchant.","Aktifkan analisa Flurry untuk pedagang"
"Enable LinkedIn","Aktifkan LinkedIn"
"Enable Standard Checkout","Aktifkan Checkout standar"
"Enable Twitter","Aktifkan twitter"
"Enter Name","Enter Name"
"Enter discount code first.","Enter discount code first."
"Enter discount code if any","Enter discount code if any"
"Enter e-mail","Enter e-mail"
"Enter giftcard promo code here","Enter giftcard promo code here"
"Enter text","Enter text"
"Enter the gift card code","Enter the gift card code"
"Error","Error"
"Error Loading Configuration Format","Error Loading Configuration Format"
"Error during shortening url","Error during shortening url"
"Error message text is missed.","Error message text is missed."
"Error while processing file ""%s"".","Error while processing file ""%s""."
"Error while reading data from Payment Bridge. Please, try again.","Error while reading data from Payment Bridge. Please, try again."
"Error while reading remote data","Error while reading remote data"
"Error while uploading file ""%s"".","Error while uploading file ""%s""."
"Error while uploading file ""%s"". Disallowed file type. Only ""jpg"", ""jpeg"", ""gif"", ""png"" are allowed.","Error while uploading file ""%s"". Tipe file tak diijinkan. Only ""jpg"", ""jpeg"", ""gif"", ""png"" are allowed."
"Excl. Tax","Excl. Tax"
"Expiration Date - Month","Tanggal-Bulan kadaluarsa"
"Expiration Date - Year","Tanggal- tahun kadaluarsa"
"Expires: %s","Expires: %s"
"Extend the life of your app with Urban Airship Push Notifications.","Memperpanjang umur dari aplikasi Anda dengan Pemberitahuan push Airship Kota."
"Extensions","Ekstensi"
"FILTERS APPLIED","FILTER DITERAPKAN"
"Facebook","Facebook"
"Facebook API","Facebook API"
"Facebook Application ID","Aplikasi ID Facebook"
"Facebook post failed...","Facebook post failed..."
"Fax","Fax"
"File can\'t be uploaded.","file bisa\tidak bisa diunggah"
"File doesn\'t exist ""%s"".","File doesn\'t exist ""%s""."
"Filter","Filter"
"Filters","Filters"
"First Name","Nama awal"
"Fixed amounts","Fixed amounts"
"Flurry API Code","Flurry kode API"
"Flurry Analytics","Analisa Flurry"
"Flurry Analytics Site","Situs analisa Flurry"
"Fonts","Hurup"
"Forgot Password","Forgot Password"
"Forgot Password?","Forgot Password?"
"Forgot your password?","Lupa Kata sandi Anda?"
"Form","Form"
"Free","Gratis"
"From","Dari"
"From Excl. Tax","From Excl. Tax"
"From Incl. Tax","From Incl. Tax"
"From excl. tax","From excl. tax"
"From incl. tax","From incl. tax"
"Full Description","Full Description"
"Funk Leaf","Funk Leaf"
"Gallery","Galeri"
"General","Umum"
"Generate Offline Catalog","Generate Offline Catalog"
"Get Content from CMS Page","Dapatkan isi dari halaman  CMS"
"Gift Card ""%s"" was added.","Gift Card ""%s"" was added."
"Gift Card ""%s"" was redeemed.","Gift Card ""%s"" was redeemed."
"Gift Card ""%s"" was removed.","Gift Card ""%s"" was removed."
"Gift Card (%s)","Gift Card (%s)"
"Gift Card amount applied to order: %s","Gift Card amount applied to order: %s"
"Gift Card code is empty.","Gift Card code is empty."
"Gift Card: %s","Gift Card: %s"
"Gift card account available in enterprise version of Magento only.","Gift card account available in enterprise version of Magento only."
"Giftcard promo code","Giftcard promo code"
"Grand Total","Total keseluruhan"
"Grand Total (Excl. Tax)","Grand Total (Excl. Tax)"
"Grand Total (Incl. Tax)","Grand Total (Incl. Tax)"
"Guest","Tamu"
"Header Background Color","Warna latar belakang Header"
"Header Font Color","Warna hurup Header"
"High Resolution Application Icon","Ikon aplikasi resolusi tinggi"
"Home","Beranda"
"Hot Red","Hot Red"
"How do you rate this product?","Bagaimana Anda menilai produk ini?"
"How to incorporate Urban Airship within your application:","Bagaimana untuk menggabungkan Airship Kota dalam aplikasi Anda:"
"I Agree","I Agree"
"I agree to the Terms and Conditions","I agree to the Terms and Conditions"
"ID","ID"
"Icon that will appear on the user\'s device after they download your app.","Icon that will appear on the user\'s device after they download your app."
"Icon that will appear on the user\'s device after they download your app. You do not need to apply a gradient or soft edges (this is done automatically by Apple).","Icon that will appear on the user\'s device after they download your app. You do not need to apply a gradient or soft edges (this is done automatically by Apple)."
"Icon that will appear on the user\'s phone after they download your app.  You do not need to apply a gradient or soft edges (this is done automatically by Apple).","Icon that will appear on the user\'s phone after they download your app.  You do not need to apply a gradient or soft edges (this is done automatically by Apple)."
"Icon that will appear on the user\'s phone after they download your app. You do not need to apply a gradient or soft edges (this is done automatically by Apple).","Icon that will appear on the user\'s phone after they download your app. You do not need to apply a gradient or soft edges (this is done automatically by Apple)."
"Icons","Ikon"
"If leave this field empty, the message will be sent immediately","Jika membiarkan field ini kosong,pesan akan dikirim secepatnya"
"If you want to disable the cache on the application side, leave the field empty. Warning! When disabling cache, the application will take time to load each page.","If you want to disable the cache on the application side, leave the field empty. Warning! When disabling cache, the application will take time to load each page."
"Image %s is required.","Image %s is required."
"Image action has been saved.","Image action has been saved."
"Image does not exist. Please reload this page.","Gambar tidak ada. Please reload this page."
"Image file was not found.","file gambar tidak ditemukan"
"Image has been deleted.","Image has been deleted."
"Image id is required.","Image id is required."
"Image limits don\'t recognized for ""%s"" image type","Image limits don\'t recognized for ""%s"" image type"
"Image that appears on first screen while your app is loading.","Image that appears on first screen while your app is loading."
"Image type doesn\'t recognized: ""%s"".","Image type doesn\'t recognized: ""%s""."
"Image type is required.","Image type is required."
"Images","Gambar"
"Images order has been updated.","Images order has been updated."
"In Queue","Dalam antrian"
"In Stock","Tersedia"
"In addition, click here to review Urban Airship\'s Terms of Service: <a href=""%s"" target=""_blank"">click here</a>.","In addition, click here to review Urban Airship\'s Terms of Service: <a href=""%s"" target=""_blank"">click here</a>."
"In order to resubmit your app, you need to first purchase a <a href=""%s"" target=""_blank"">%s</a> from MagentoCommerce","In order to resubmit your app, you need to first purchase a <a href=""%s"" target=""_blank"">%s</a> from MagentoCommerce"
"In order to submit your app, you need to first purchase a <a href=""%s"" target=""_blank"">%s</a> from MagentoCommerce","In order to submit your app, you need to first purchase a <a href=""%s"" target=""_blank"">%s</a> from MagentoCommerce"
"Inactive Tabs","Tab tidak aktif"
"Incl. Tax","Incl. Tax"
"Incl. tax","Incl. tax"
"Initialization PayPal ...","Initialization PayPal ..."
"Initialization of the PayPal checkout failed!","Initialization of the PayPal checkout failed!"
"Invalid XML.","XML tidak valid"
"Invalid current password.","Kata sandi saat ini tidak valid"
"Invalid customer data.","Data pelanggan tidak valid"
"Invalid data.","Data tidak valid."
"Invalid email address.","Alamat email tidak valid."
"Invalid item or wishlist.","item atau wishlist tidak valid"
"Invalid login or password.","login atau kata sandi tidak valid."
"Invalid shipping method.","Metode pengiriman tidak valid."
"Issue Number","Nomor terbitan"
"It\'s not allowed to delete submitted application.","Tidak diijinkan untuk menghapus aplikasi yang diproses"
"Item","Barang"
"Item Options","Item Options"
"Item has been added to cart.","item telah ditambahkan ke keranjang"
"Item has been deleted from cart.","item telah dihapus dari keranjang"
"Item has been removed from wishlist.","item telah dihapus dari wishlist."
"Items","Barang"
"Items were updated. But can\'t update wishlist.","Items were updated. But can\'t update wishlist."
"Keep your image size below %s KB for optimal performance.","Keep your image size below %s KB for optimal performance."
"Key","Kunci"
"Keywords","Kata kunci"
"Label","Label"
"Landscape app Background","Landscape app Background"
"Landscape banners on Home Screen","Landscape banners on Home Screen"
"Large iTunes Icon","Icon iTune besar"
"Large icon that appears in the iTunes App Store. You do not need to apply a gradient or soft edges (this is done automatically by Apple).","Large icon that appears in the iTunes App Store. You do not need to apply a gradient or soft edges (this is done automatically by Apple)."
"Last 5 Orders","5 pesanan terakhir"
"Last 5 Search Terms","5 pencarian barang terakhir"
"Last Name","Nama akhir"
"Last update: %@","Last update: %@"
"Lifetime Sales","Penjualan Sepanjang masa"
"LindedIn","LindedIn"
"Link:","Link:"
"LinkedIn","LinkedIn"
"LinkedIn API","LinkedIn API"
"LinkedIn API Key","LinkedIn API Key"
"LinkedIn Authorization","LinkedIn Authorization"
"LinkedIn Autorization","LinkedIn Autorization"
"LinkedIn Secret Key","LinkedIn Secret Key"
"Linkedin post failed...","Linkedin post failed..."
"List of downloadable products is empty","List of downloadable products is empty"
"Load more items","Load more items"
"Loader Splash Screen","Pemuat layar splash"
"Loader Splash Screen (iPhone 4 retina)","Loader Splash Screen (iPhone 4 retina)"
"Loader Splash Screen (landscape mode)","Loader Splash Screen (landscape mode)"
"Loader Splash Screen (portrait mode)","Loader Splash Screen (portrait mode)"
"Loading %@...","Loading %@..."
"Loading Account Form...","Loading Account Form..."
"Loading Address Book...","Loading Address Book..."
"Loading Address Form...","Loading Address Form..."
"Loading CMS page ...","Loading CMS page ..."
"Loading Cart...","Loading Cart..."
"Loading Gallery...","Loading Gallery..."
"Loading Login Form...","Loading Login Form..."
"Loading My Downloadable Products...","Loading My Downloadable Products..."
"Loading Order Details","Loading Order Details"
"Loading Orders List...","Loading Orders List..."
"Loading Preview...",""
"Loading Product Options...","Loading Product Options..."
"Loading Products...","Loading Products..."
"Loading Registration Form...","Loading Registration Form..."
"Loading Restore Password Form...","Loading Restore Password Form..."
"Loading Store Credit...","Loading Store Credit..."
"Loading WishList...","Loading WishList..."
"Loading Write Review Form...","Loading Write Review Form..."
"Loading category ...","Loading category ..."
"Loading more items...","Loading more items..."
"Loading product ...","Loading product ..."
"Loading shipping methods ...","Loading shipping methods ..."
"Loading...","Memuat..."
"Locations","Lokasi"
"Log In","Masuk"
"Log Out","Keluar"
"Log in to Admin Panel","Masuk ke Admin Panel"
"Log into Account","Log into Account"
"Log into your account","Log into your account"
"Log out Account","Log out Account"
"LogInMessageTitle","LogInMessageTitle"
"Login and password are required.","Login dan kata sandi dibutuhkan"
"Logo in Header","Logo pada header"
"Logo in Header image missing.","Logo pada gambar header hilang"
"Logout complete.","Logout selesai."
"MEP is PayPal\'s native checkout experience for the iPhone. You can choose to use MEP alongside standard checkout, or use it as your only checkout method for Magento mobile. PayPal MEP requires a <a href=""%s"">PayPal business account</a>","MEP is PayPal\'s native checkout experience for the iPhone. You can choose to use MEP alongside standard checkout, or use it as your only checkout method for Magento mobile. PayPal MEP requires a <a href=""%s"">PayPal business account</a>"
"MM","MM"
"Mailbox title","Judul kotak surat"
"Main Tabs","Tab utama"
"Make Inactive","Buat tidak aktif"
"Make this app available in the following territories","Membuat aplikasi ini tersedia diwilayah berikut"
"Manage Apps","Kelola aplikasi"
"Manage Mobile App","Kelola aplikasi mobile"
"Maximum length is 140","Panjang maksimum adalah 140"
"Maximum length is 255","Panjang maksimum adalah 255"
"Maximum size: %s KB.","Maximum size: %s KB."
"Maximum: %.2f","Maximum: %.2f"
"Merchant Label","Label pedagang"
"Merge","Merge"
"Message","Pesan"
"Message Queue","Antrian pesan"
"Message Settings","Pengaturan pesan"
"Message Templates","Template pesan"
"Message Title","Jiudul pesan"
"Message Type","Jenis pesan"
"Message can be edited when status of the message is ""In Queue"" only.","Message can be edited when status of the message is ""In Queue"" only."
"Message content","Isi pesan"
"Message text is missed.","Message text is missed."
"Message title","Judul pesan"
"Message too long, please use 140 symbols","Message too long, please use 140 symbols"
"Message type doesn\'t recognized","Message type doesn\'t recognized"
"Minimize","Minimize"
"Minimum %@, maximum %@","Minimum %@, maximum %@"
"Minimum: %.2f","Minimum: %.2f"
"Mobile","Handphone"
"Mobile Express Checkout has been canceled.","Mobile Express Checkout has been canceled."
"Mobile Express Checkout processed successfully.","Mobile Express Checkout processed successfully."
"Month","Bulan"
"More","Lebih"
"More Info","Info lebih"
"More Tabs","Tab lebih"
"Most Viewed Products","Produk Paling Banyak dilihat"
"My Account","Akun saya"
"My Downloadable Products","Produk Unduhan"
"My Orders","Pesanan Saya"
"My Wishlist","wishlist saya"
"Name","Nama"
"Name on Card","Nama pada kartu"
"Name that appears beneath your app when users install it to their device. We recommend choosing a name that is 10-12 characters and that your customers will recognize. %s chars max.","Name that appears beneath your app when users install it to their device. We recommend choosing a name that is 10-12 characters and that your customers will recognize. %s chars max."
"New AirMail Message","Pesan AirMail baru"
"New AirMail Message Queue","Antrian pesan AirMail baru"
"New App","Aplikasi baru"
"New Customers","Pelanggan Baru"
"New Password","Kata sandi baru"
"New Template","Template baru"
"New to Our Store?","New to Our Store?"
"Nickname","Nama panggilan"
"No","Tidak"
"No Payment Information Required","No Payment Information Required"
"No Ratings","No Ratings"
"No internet connection. Retry later ...","No internet connection. Retry later ..."
"No items were specifed to update.","Tidak ada item yang di tentukan diperbarui"
"No items were updated.","Tidak ada item yang diperbarui"
"No product selected.","Tidak ada produk yang dipilih"
"No products found. Please retry with other term","No products found. Please retry with other term"
"No shipping method required.","No shipping method required."
"No such file ""%s"".","No such file ""%s""."
"Not Submitted","Belum diproses"
"Note: Image size affects the performance of your app.","Note: Image size affects the performance of your app."
"Notice","Catatan"
"Number of Orders","Jumlah pesanan"
"Number of Uses","Jumlah penggunaan"
"OK","OK"
"OR, Pay with Standard Checkout","OR, Pay with Standard Checkout"
"Offline Catalog","Offline Catalog"
"Offline cart stored on server","Offline cart stored on server"
"Offline catalog export complete.","Offline catalog export complete."
"Offline catalog export failed.","Offline catalog export failed."
"One or more keywords that describe your app. Keywords are matched to users\' searches in the App Store and help return accurate search results. Separate multiple keywords with commas. 100 chars is maximum.","One or more keywords that describe your app. Keywords are matched to users\' searches in the App Store and help return accurate search results. Separate multiple keywords with commas. 100 chars is maximum."
"Onepage checkout is disabled.","Checkout satu halaman tidak aktif"
"Only custom theme can be deleted","Hanya theme khusus yang dapat dihapus"
"Only default theme can be reset","Hanya theme standar yang dapat direset"
"Only free apps are allowed in this version.","Hanya aplikasi gratis diijinkan pada versi ini"
"Only registered users can write reviews. Please, log in or register.","Only registered users can write reviews. Please, log in or register."
"Open","Terbuka"
"Options","Opsi"
"Options menu items","Pilihan menu item."
"Order","Pembelian"
"Order #","Pesanan #"
"Order #%s - %s","Pesanan#%s - %s"
"Order Date: %s","Tanggal pesanan: %s"
"Order Details Updated","Order Details Updated"
"Order ID","ID pesanan"
"Order ID:","Order ID:"
"Order Info","Order Info"
"Order List Updated","Order List Updated"
"Order Number","Order Number"
"Order Review","Tinjauan pesanan"
"Order canceled","Order canceled"
"Order failed","Order failed"
"Order id is not specified.","Order id is not specified."
"Order is not available.","Order tidak tersedia."
"Ordered","diorder"
"Ordered Items","Ordered Items"
"Orders","Pesanan"
"Other amount","Other amount"
"Out of Stock","Habis"
"Output format is not specified. Please, specify ""format"" key in constructor, or set it using setFormat().","Output format is not specified. Please, specify ""format"" key in constructor, or set it using setFormat()."
"Overall Activity","Overall Activity"
"POST data is not valid.","POST data tidak valid."
"Pages","Halaman"
"Password","Kata sandi"
"Password fields cannot be empty.","field kata sandi tidak boleh kosong."
"Password is not specified","Password is not specified"
"Password:","Password:"
"PayPal","PayPal"
"PayPal Checkout","PayPal Checkout"
"PayPal MECL is the mobile version of PayPal\'s Express Checkout service. You can choose to use MECL alongside standard checkout, or use it as your only checkout method for Magento Mobile.","PayPal MECL is the mobile version of PayPal\'s Express Checkout service. You can choose to use MECL alongside standard checkout, or use it as your only checkout method for Magento Mobile."
"PayPal MEP","PayPal MEP"
"PayPal Mobile Embedded Payment (MEP)","PayPal Mobile Embedded Payment (MEP)"
"PayPal Mobile Express Checkout","PayPal Mobile Express Checkout"
"PayPal Mobile Express Checkout Library (MECL)","PayPal Mobile Express Checkout Library (MECL)"
"PayPal Mobile Express Checkout Token does not exist.","PayPal Mobile Express Checkout Token does not exist."
"Payer Email: %s","Email Pembayarl: %s"
"Payment Applicable From","Terkait Dari Pembayaran"
"Payment Bridge module unavailable.","Modul Payment Bridge tidak tersedia."
"Payment Information","Informasi Pembayaran"
"Payment Method","Metode pembayaran"
"Payment Method has been set.","Metode pembayaran telah diatur."
"Payment Methods","Metode pembayaran"
"Payment method","Payment method"
"Payment method was successfully set.","Metode pembayaran telah berhasil diatur."
"Paypal MEP doesn\'t support checkout with any discount.","Paypal MEP doesn\'t support checkout with any discount."
"Place Order","Menempatkan pesanan"
"Placing order ...","Placing order ..."
"Please <a href=""%s"" target=""_blank"">click here</a> to see how to setup and retrieve API credentials.","Please <a href=""%s"" target=""_blank"">click here</a> to see how to setup and retrieve API credentials."
"Please Select Application","Silakan pilih aplikasi"
"Please Select Device Type","Silakan pilih jenis perangkat"
"Please agree to all the terms and conditions before placing the order.","Silahkan menyetujui semua syarat dan ketentuan sebelum menempatkan pesanan."
"Please create and save an application first.","Please create and save an application first."
"Please enter ""App Title"".","Please enter ""App Title""."
"Please enter a valid URL. Protocol is required (http://, https:// or ftp://)","Please enter a valid URL. Protocol is required (http://, https:// or ftp://)"
"Please enter a valid date.","Silkan masukan tanggal yang berlaku"
"Please enter a valid email address. For example johndoe@domain.com.","Silakan masukan alamat email yang valid. For example johndoe@domain.com."
"Please enter at least one email recipient","Please enter at least one email recipient"
"Please enter issue number or start date for switch/solo card type.","Silakan masukkan nomor penerbitan atau tanggal mulai untuk beralih / jenis kartu tunggal."
"Please enter the Activation Key.","Silakan masukan kunci aktivasi"
"Please enter the Copyright.","Silakan masukan Hakcipta."
"Please enter the Description.","Silakan masukan deskripsi"
"Please enter the Price.","Silakan masukan harga."
"Please enter the Resubmission Key.","Silakan masukan pengiriman ulang Kunci."
"Please enter the Title.","Silakan masukan judul"
"Please make sure your passwords match.","Pastikan bahwa kata sandi anda cocok"
"Please save application first.","Please save application first."
"Please select an option.","Silakan pilih Opsi"
"Please select at least one country.","Silakan pilih paling sedikit satu negara"
"Please select payment method to cover a quote","Please select payment method to cover a quote"
"Please set email","Please set email"
"Please specify payment method","Please specify payment method"
"Please specify shipping method","Please specify shipping method"
"Please upload  an image for ""App Background (landscape mode)"" field from Design Tab.","Please upload  an image for ""App Background (landscape mode)"" field from Design Tab."
"Please upload  an image for ""App Background (portrait mode)"" field from Design Tab.","Please upload  an image for ""App Background (portrait mode)"" field from Design Tab."
"Please upload  an image for ""App Background"" field from Design Tab.","Please upload  an image for ""App Background"" field from Design Tab."
"Please upload  an image for ""Banner on Home Screen (landscape mode)"" field from Design Tab.","Please upload  an image for ""Banner on Home Screen (landscape mode)"" field from Design Tab."
"Please upload  an image for ""Banner on Home Screen (portrait mode)"" field from Design Tab.","Please upload  an image for ""Banner on Home Screen (portrait mode)"" field from Design Tab."
"Please upload  an image for ""Banner on Home Screen"" field from Design Tab.","Please upload  an image for ""Banner on Home Screen"" field from Design Tab."
"Please upload  an image for ""Logo in Header"" field from Design Tab.","Please upload  an image for ""Logo in Header"" field from Design Tab."
"Please use letters only (a-z or A-Z) in this field.","Silakan gunakan hanya huruf (a-z atau A-Z) di field ini."
"Please use numbers only in this field. Please avoid spaces or other characters such as dots or commas.","Please use numbers only in this field. Please avoid spaces or other characters such as dots or commas."
"Please use only letters (a-z or A-Z) or numbers (0-9) only in this field. No spaces or other characters are allowed.","Please use only letters (a-z or A-Z) or numbers (0-9) only in this field. No spaces or other characters are allowed."
"Please wait...","Silahkan tunggu..."
"Please, specify gift card amount!","Please, specify gift card amount!"
"Portrait app Background","Portrait app Background"
"Portrait banners on Home Screen","Portrait banners on Home Screen"
"Post data is empty.","Post data is empty."
"Post this product to your wall","Post this product to your wall"
"Posting to e-mails","Posting to e-mails"
"Preferred size: %spx x %spx.","Preferred size: %spx x %spx."
"Preset Theme","Preset tema"
"Preview","Tinjauan"
"Price","Harga"
"Price Font Color","Warna hurup harga"
"Price excluding tax","Price excluding tax"
"Price including tax","Price including tax"
"Primary Color","Warna primer"
"Primary Font Color","Warna hurup primer"
"Problem changing or sending password.","Masalah mengubah atau mengirimkan Kata sandi."
"Proceed to Checkout","Lanjutkan ke checkout"
"Product","Produk"
"Product Added to Cart","Product Added to Cart"
"Product Added to Wishlist","Product Added to Wishlist"
"Product Gallery Updated","Product Gallery Updated"
"Product Name3 ","Product Name3 "
"Product Name3 1","Nama produk 3 1"
"Product Name3 2","Nama produk3 2"
"Product Options Updated","Product Options Updated"
"Product Removed From Wishlist","Product Removed From Wishlist"
"Product Reviews Updated","Product Reviews Updated"
"Product SKU","SKU Produk"
"Product Updated","Product Updated"
"Product added","Product added"
"Product is out of stock","Product is out of stock"
"Product is unavailable.","Produk tidak tersedia"
"Product only available on the website.","Product only available on the website."
"Product succesfully added to cart","Product succesfully added to cart"
"Product was not specified.","Produk tidak ditentukan"
"Product(s) currently out of stock.","Produk saat ini habis"
"Products","Produk"
"Pull Down To Update..","Pull Down To Update.."
"Purchase Order Number","Nomor pesanan pembelian"
"Push Notification","notifikasi Push "
"Push Notifications allow you to send messages directly to the people who have installed your app on their device. Send messages to your full audience even when your app is closed. Push Notifications are one of the best ways to keep your app active by delivering valuable content directly to your customers. Learn more about Push Notifications - <a href=""%1$s"" target=""_blank"">%1$s</a>","Push Notifications allow you to send messages directly to the people who have installed your app on their device. Send messages to your full audience even when your app is closed. Push Notifications are one of the best ways to keep your app active by delivering valuable content directly to your customers. Learn more about Push Notifications - <a href=""%1$s"" target=""_blank"">%1$s</a>"
"Push Title","Judul Push"
"Push message","Pesan push"
"Push title","Judul push"
"Qty","Kuantitas"
"Qty:","Kuantitas:"
"Quantity","Quantity"
"Quantity:","Quantity:"
"Queue Date","Tanggal antrian"
"Queue Message","Pesan antrian"
"Queue does not exist.","Antrian tidak ada"
"Queue is allowed only for applications with enabled Push Notification.","Queue is allowed only for applications with enabled Push Notification."
"Quote instance is required.","Contoh antrian diperlukan"
"Quote item is not found.","Barang Penawaran tidak ditemukan."
"Range param doesn\'t recognized","Range param doesn\'t recognized"
"Ratings and Reviews","Ratings and Reviews"
"Read the Terms and Conditions","Read the Terms and Conditions"
"Recent Activity","Recent Activity"
"Recipient Information","Penerima informasi"
"Recommended size %spx x %spx.","Recommended size %spx x %spx."
"Recommended size: %spx x %spx at %s dpi.","Recommended size: %spx x %spx at %s dpi."
"Recommended size: %spx x %spx.","Recommended size: %spx x %spx."
"Recover","Recover"
"Redeem","Redeem"
"Redeeming Gift Card %@","Redeeming Gift Card %@"
"Redemption functionality is disabled.","Redemption functionality is disabled."
"Refunded","Refunded"
"Regions","Regions"
"Register","Daftar"
"Registering cart ...","Registering cart ..."
"Registering user ...","Registering user ..."
"Regular","Biasa"
"Regular and confirmation passwords must be equal","Reguler dan konfirmasi kata sandi harus sama"
"Related Product Background Color","Terkait warna latar belakang produk"
"Release To Update...","Release To Update..."
"Relevance","Relevan"
"Remaining downloads","Remaining downloads"
"Remove","Menghapus"
"Remove Address...","Remove Address..."
"Removing %@...","Removing %@..."
"Removing Coupon...","Removing Coupon..."
"Removing Gift Card...","Removing Gift Card..."
"Removing Product from WishList...","Removing Product from WishList..."
"Removing Store Credit...","Removing Store Credit..."
"Request param %s is missed","Request param %s is missed"
"Required size: %spx x %spx.","Required size: %spx x %spx."
"Reset theme to default","Reset tema ke standar"
"Resubmission Key","Kunci pengajuan ulang"
"Resubmit App","Proses ulang App"
"Resubmit App failure. %s","Resubmit App failure. %s"
"Results","Hasil"
"Revenue","Revenue"
"Revert","Revert"
"Revert Discount","Revert Discount"
"Review","Tinjauan"
"Rich Push allows you to create and send engaging experiences by adding HTML and other rich media components to your push notifications. Moving beyond alerts and badge updates, Rich Push takes users into the app while displaying content in a customizable WebKit view. Create branded messages that engage your users with new content and information, all without having to update your app. Learn more about Rich Push - <a href=""%1$s"" target=""_blank"">%1$s</a>","Rich Push allows you to create and send engaging experiences by adding HTML and other rich media components to your push notifications. Moving beyond alerts and badge updates, Rich Push takes users into the app while displaying content in a customizable WebKit view. Create branded messages that engage your users with new content and information, all without having to update your app. Learn more about Rich Push - <a href=""%1$s"" target=""_blank"">%1$s</a>"
"SORT BY:","URUTKAN OLEH:"
"Sample","Sample"
"Samples","Contoh"
"Save","Simpan"
"Save As","Save As"
"Save Theme","Simpan tema"
"Save and Continue Edit","Simpan dan lanjutkan sunting"
"Save and Submit App","Simpan dan proses App"
"Save in address book","Simpan dalam buku alamat"
"Saving Address...","Saving Address..."
"Saving changes ...","Saving changes ..."
"Saving shipping address ...","Saving shipping address ..."
"Saving shipping methods ...","Saving shipping methods ..."
"Screen resolution is not supported","Screen resolution is not supported"
"Screens:","Layar:"
"Scroll Background Color","Scroll warna latar belakang"
"Search","Cari"
"Search Term","istilah pencarian"
"Search Updated","Search Updated"
"Searching for %@...","Searching for %@..."
"Secondary Color","Warna kedua"
"Secondary Font Color","Warna hurup kedua"
"See all","See all"
"Select %@","Select %@"
"Select All","Pilih semua"
"Select Chart","Select Chart"
"Select Links","Select Links"
"Select Options","Select Options"
"Select Payment Method","Select Payment Method"
"Select Range","Pilih kisaran"
"Select a","Select a"
"Select a Billing Address","Select a Billing Address"
"Select a Shipping Address","Select a Shipping Address"
"Select from Address Book","Select from Address Book"
"Select shipping method","Select shipping method"
"Selected product is unavailable.","Pilihan roduk tidak tersedia"
"Send","Send"
"Sender Information","Informasi pengirim"
"Sending e-mail failed...","Sending e-mail failed..."
"Set","Set"
"Settings","Pengaturan"
"Shake device to reset the filter","Shake device to reset the filter"
"Share","Share"
"Share on LinkedIn","Share on LinkedIn"
"Share on Twitter","Share on Twitter"
"Ship method","Ship method"
"Shipped","Shipped"
"Shipping","Ekspedisi"
"Shipping Address","Alamat Pengiriman"
"Shipping Method","Metode Pengiriman"
"Shipping address","Shipping address"
"Shipping address has been set.","Alamat pengiriman telah diatur"
"Shipping method","Shipping method"
"Shipping method has been set.","Metode pengiriman telah diatur"
"Shipping method is required","Shipping method is required"
"Shipping method successfully updated","Shipping method successfully updated"
"Shipping to this address is not possible.","Shipping to this address is not possible."
"Shop","Toko"
"Shop All","Shop All"
"Shop Updated","Shop Updated"
"Shopping Cart","Cart belanja"
"Shopping cart is empty.","Cart belanja kosong"
"Show Password","Show Password"
"Sign In","Sign In"
"Signing In...","Signing In..."
"Signing Out ...","Signing Out ..."
"Sky Blue","Langit biru"
"Social Networking","Jejaring sosial"
"Some emails were not sent.","Beberapa email tidak terkirim"
"Sorry, no quotes are available for this order at this time.","Maaf, tidak ada harga yang tersedia untuk pesanan ini saat ini "."
"Sorry, there are no items in this category.","Sorry, there are no items in this category."
"Special","Special"
"Special Excl. Tax","Special Excl. Tax"
"Special Incl. Tax","Special Incl. Tax"
"Specific Countries","Specific Countries"
"Specified address does not exist.","Alamat tertentu tidak ada"
"Specified invalid app code.","Kode aplikasi tertentu tidak valid."
"Specified invalid data.","Data tertentu tidak valid."
"Specified item does not exist in wishlist.","Item tertentu tidak ada dalam wishlist."
"Standard Checkout","Standar Checkout"
"Standard Checkout uses the checkout methods provided by Magento. Only inline payment methods are supported. (e.g PayPal Direct,  Authorize.Net, etc.)","Standard Checkout uses the checkout methods provided by Magento. Only inline payment methods are supported. (e.g PayPal Direct,  Authorize.Net, etc.)"
"Start Date","Tanggal mulai"
"Start Date - Month","Tanggal mulai - bulan"
"Start Date - Year","Tanggal mulai -tahun"
"Starting At","Starting At"
"Starting At Excl. Tax","Starting At Excl. Tax"
"Starting At Incl. Tax","Starting At Incl. Tax"
"Starting at excl. tax","Starting at excl. tax"
"Starting at incl. tax","Starting at incl. tax"
"State/Province","Negara/Provinsi"
"Status","Status"
"Storage of offline cart on server failed. Please retry later","Storage of offline cart on server failed. Please retry later"
"Store Credit Info Updated","Store Credit Info Updated"
"Store Credit payment is not being used in your shopping cart.","Store Credit payment is not being used in your shopping cart."
"Store View","Tampilan toko"
"Store credit","Store credit"
"Store logo that is displayed on copyright page of app.","Store logo that is displayed on copyright page of app."
"Store switcher hasn\'t been defined","Store switcher hasn\'t been defined"
"Street Address","Alamat Jalan"
"Street Address 2","Alamat jalan 2"
"Subject:","Subject:"
"Submission","Pengajuan"
"Submission Fields","Field pengajuan"
"Submission History","Riwayat pengajuan"
"Submit App","Proses App"
"Submit App ""%s""","Submit App ""%s"""
"Submit App failure. %s","Submit App failure. %s"
"Submit App failure. Invalid activation key provided","Submit App failure. Invalid activation key provided"
"Submit Review","Kirim tinjauan"
"Submitted","Diproses"
"Submitting Review...","Submitting Review..."
"Subtotal","Subtotal"
"Subtotal (Excl. Tax)","Subtotal (Excl. Tax)"
"Subtotal (Incl. Tax)","Subtotal (Incl. Tax)"
"Subtotal Excl. Tax","Subtotal Excl. Tax"
"Subtotal Incl. Tax","Subtotal Incl. Tax"
"Subtotal excluding tax","Subtotal excluding tax"
"Subtotal incl. tax:","Subtotal incl. tax:"
"Subtotal including tax","Subtotal including tax"
"Subtotal:","Subtotal:"
"Success","Success"
"Successfully posted to Facebook","Successfully posted to Facebook"
"Successfully posted to Linkedin","Successfully posted to Linkedin"
"Summary of Your Review","Ringkasan dari tinjauan anda"
"Swipe a product to reveal more options","Swipe a product to reveal more options"
"T-Shirts","T-Shirts"
"Tabs","Tab"
"Tax","Tax"
"Telephone","Telepon"
"Tell a Friend","Berbagi teman"
"Tell a Friend is disabled.","Berbagi teman tidak aktif"
"Tell a Friend link has been sent.","Tautan berbagi teman telah dikirim"
"Template","Template"
"Template Content","Isi template"
"Template Name","Nama template"
"Template does not exist.","template tidak ada"
"Template for new AirMail Message does not exist.","template untuk pesan AirMail baru tidak ada."
"Template has been deleted.","Template telah dihapus"
"Terms And Conditions","Terms And Conditions"
"Text length does not satisfy specified max text range.","Text length does not satisfy specified max text range."
"Text length does not satisfy specified min text range.","Text length does not satisfy specified min text range."
"Thank you for registering!","Terimakasih telah mendaftar!"
"Thank you for your purchase! ","Terimakasih atas pembelian Anda "
"The %s field should be filled.","The %s field should be filled."
"The Mailbox title will be shown in the More Info tab. To understand more about the title, please <a target=""_blank"" href=""http://www.magentocommerce.com/img/product/mobile/helpers/mail_box_title.png"">click here</a>","The Mailbox title will be shown in the More Info tab. To understand more about the title, please <a target=""_blank"" href=""http://www.magentocommerce.com/img/product/mobile/helpers/mail_box_title.png"">click here</a>"
"The application is currently inactive.\nPlease try again later.","The application is currently inactive.\nPlease try again later."
"The cart is empty","The cart is empty"
"The custom amount value should be higher than 0.","The custom amount value should be higher than 0."
"The custom amount value should not be higher than %s.","The custom amount value should not be higher than %s."
"The custom amount value should not be lower than %s.","The custom amount value should not be lower than %s."
"The following email(s) are either mistyped or have incorrect format. Check them and try again:\n","The following email(s) are either mistyped or have incorrect format. Check them and try again:\n"
"The icon that appears in the Android Market.","The icon that appears in the Android Market."
"The length of the text in the %s field is too big. Please shorten the text.","The length of the text in the %s field is too big. Please shorten the text."
"The max length of the field ""%@"" is %d!","The max length of the field ""%@"" is %d!"
"The minimum password length is 6","The minimum password length is 6"
"The server responded with invalid data.","The server responded with invalid data."
"The shortening service returned status code %d indicating a client side error.","The shortening service returned status code %d indicating a client side error."
"The shortening service returned status code %d indicating a server side error.","The shortening service returned status code %d indicating a server side error."
"The store credit payment has been removed from shopping cart.","The store credit payment has been removed from shopping cart."
"The value is too big!","The value is too big!"
"The value should not be greater than %.2f!","The value should not be greater than %.2f!"
"The value should not be less than %.2f!","The value should not be less than %.2f!"
"Theme configurations are successfully reset.","Konfigurasi tema telah berhasil direset."
"Theme has been created.","Theme has been created."
"Theme has been delete.","Theme has been delete."
"Theme label can\'t be empty","Theme label can\'t be empty"
"Theme label:","Theme label:"
"Theme name is not set.","Nama tema tidak diatur."
"There are files that were selected but not uploaded yet. After switching to another tab your selections may be lost. Do you wish to continue ?","There are files that were selected but not uploaded yet. After switching to another tab your selections may be lost. Do you wish to continue ?"
"There are no items here","There are no items here"
"There are no items in your cart","There are no items in your cart"
"There is an error in loading an app\'s configuration","There is an error in loading an app\'s configuration"
"There is an error in retrieving the data. Please try again later","There is an error in retrieving the data. Please try again later"
"There is no addresses for this contact","There is no addresses for this contact"
"There is no store credit history!","There is no store credit history!"
"There were some problems with the data.","Ada beberapa masalah dengan data."
"This email address was not found in our records.","Alamat email ini tidak ditemukan dicatatan kami."
"This functionality disabled in offline mode","This functionality disabled in offline mode"
"This is a required field.","field ini dibutuhkan."
"This product has no images.","This product has no images."
"Title","Judul"
"Title bar","Judul Bar"
"To","Ke"
"To Excl. Tax","To Excl. Tax"
"To Incl. Tax","To Incl. Tax"
"To activate PayPal MEP payment method activate Express checkout first. ","To activate PayPal MEP payment method activate Express checkout first. "
"To excl. tax","To excl. tax"
"To incl. tax","To incl. tax"
"To preview the newly uploaded images, please save your application first.","To preview the newly uploaded images, please save your application first."
"To:","Ke:"
"Token has not been set.","Token has not been set."
"Too many recipients have been set.  Max amount of recipients is:","Too many recipients have been set.  Max amount of recipients is:"
"Top Search Terms","Top Search Terms"
"Total","Total"
"Total Order Amount","Jumlah Pesanan Total"
"Total incl. Tax: %1$s","Total incl. Tax: %1$s"
"Total incl. tax","Total incl. tax"
"Totals","Totals"
"Touch and hold a product to delete from shopping cart","Touch and hold a product to delete from shopping cart"
"Touch and hold a product to reveal more options","Touch and hold a product to reveal more options"
"Try Again","Try Again"
"Twitter","Twitter"
"Twitter API","Twitter API"
"Twitter API Key","Twitter API Key"
"Twitter Authorization","Twitter Authorization"
"Twitter Autorization","Twitter Autorization"
"Twitter Secret Key","Secret Key Twitter" "
"Twitter post failed...","Twitter post failed..."
"Type","Jenis"
"Type and data is required","Type and data is required"
"URL","URL"
"Unable to cancel Mobile Express Checkout.","Unable to cancel Mobile Express Checkout."
"Unable to cancel queue.","Tidak dapat membatalkan antrian."
"Unable to collect cart totals.","Tidak dapat mengumpulkan total keranjang."
"Unable to delete queue.","Tidak dapat menghapus antrian."
"Unable to find an app to delete.","Tidak dapat menemukan apliksi untuk dihapus."
"Unable to find template to delete.","Tidak dapat menemukan Template untuk dihapus."
"Unable to get shipping methods list.","Tidak bisa mendapatkan daftar metode pengiriman."
"Unable to initialize MEP Checkout.","tidak dapat mengenali MEP Checkout."
"Unable to initialize PayPal Mobile Express Checkout.","Unable to initialize PayPal Mobile Express Checkout."
"Unable to initialize express checkout review.","Unable to initialize express checkout review."
"Unable to initialize express checkout shipping method list.","Unable to initialize express checkout shipping method list."
"Unable to initialize return action.","Unable to initialize return action."
"Unable to load addresses.","Unable to load addresses."
"Unable to load application form.","Tidak dapat memuat form aplikasi."
"Unable to load banners.","Unable to load banners."
"Unable to load billing address form.","Unable to load billing address form."
"Unable to load billing address.","Unable to load billing address."
"Unable to load categories.","Unable to load categories."
"Unable to load checkout.","Unable to load checkout."
"Unable to load localization.","Unable to load localization."
"Unable to load order list.","Unable to load order list."
"Unable to load order review.","Unable to load order review."
"Unable to load product gallery.","Unable to load product gallery."
"Unable to load product info.","Tidak dapat memuat info produk."
"Unable to load product options.","Unable to load product options."
"Unable to load product review.","Unable to load product review."
"Unable to load product reviews.","Unable to load product reviews."
"Unable to load review form.","Unable to load review form."
"Unable to load search.","Unable to load search."
"Unable to load shipping address form.","Unable to load shipping address form."
"Unable to place the order.","Tidak dapat menempatkan pesanan."
"Unable to post the review.","Tidak dapat memposting tinjauan."
"Unable to process preview.","Tidak dapat memproses tinjauan."
"Unable to render a gift card account.","Unable to render a gift card account."
"Unable to render an order.","Tidak dapat merender sebuah order."
"Unable to render downloadable products.","Unable to render downloadable products."
"Unable to render the store credits.","Unable to render the store credits."
"Unable to save app.","Tidak dapat menyimpan aplikasi."
"Unable to save message.","Tidak dapat menyimpan pesan."
"Unable to save shipping address.","Tidak dapat menyimpan alamat pengiriman."
"Unable to save shipping method.","Tidak dapat menyimpan metode pengiriman."
"Unable to save template.","Tidak dapat menyimpan Template."
"Unable to start MEP Checkout.","Tidak dapat memulai MEP Checkout."
"Unable to start Mobile Express Checkout.","Unable to start Mobile Express Checkout."
"Unable to update shipping method.","Tidak dapat memperbarui metode pengiriman."
"Undefined","Tidak ditentukan"
"Unit Price","Harga unit"
"Unit Price:","Unit Price:"
"Unknown Error","Error tidak dikenal"
"Unknown Error.","Error tidak dikenal"
"Unknown Payment Bridge Error","Unknown Payment Bridge Error"
"Unknown error ocured. Please retry later","Unknown error ocured. Please retry later"
"Unsupported character in path: ""%s""","Unsupported character in path: ""%s"""
"Unsupported value type received","Tipe nilai tidak mendukung diterima"
"Update Comment Error","Update Comment Error"
"Update Preview","Perbaruan tinjauan"
"Updating ...","Updating ..."
"Updating Cart...","Updating Cart..."
"Upon receiving these credentials, please fill in the corresponding fields.","Setelah menerima identitasnya ini, silahkan isi kolom yang sesuai."
"Urban Airship Push Notification","Notifikasi Push Airship kota"
"Use Billing Address","Gunakan alamat tagihan"
"Use Store Credit (%s available)","Use Store Credit (%s available)"
"Use as my default billing address","Gunakan sebagai alamat tagihan standar saya"
"Use as my default shipping address","Gunakan sebagai alamat pengiriman standar saya"
"Use billing address for shipping","Use billing address for shipping"
"User Name:","Nama pengguna:"
"User session is expired","User session is expired"
"Version","Version"
"View Cart","View Cart"
"View Details","Lihat detil"
"View Gallery","Lihat galeri"
"View Wishlist","View Wishlist"
"Warning: All related AirMail messages will be deleted!","Warning: All related AirMail messages will be deleted!"
"Website is offline","Website is offline"
"Website is offline.","Situs offline"
"WishList Updated","WishList Updated"
"Wishlist has been cleared.","wishlist telah dihapus"
"Wishlist has been updated.","wishlist telah diperbarui"
"Wishlist has been updated. But there are accrued some errors while updating some items.","wishlist telah diperbarui But there are accrued some errors while updating some items."
"Wishlist is empty.","Wishlist is empty."
"Write a Review","Write a Review"
"Write a review","Write a review"
"Wrong Ipad background image orientation has been specified: ""%s"".","Wrong Ipad background image orientation has been specified: ""%s""."
"Wrong PayPal Mobile Express Checkout Token specified.","Wrong PayPal Mobile Express Checkout Token specified."
"Wrong device type.","Jenis perangkat salah."
"Wrong email format","Format email salah."
"Wrong or expired Gift Card Code.","Wrong or expired Gift Card Code."
"Wrong theme format.","Format tema salah."
"YYYY","YYYY"
"Year","Tahun"
"Yes","Ya"
"You are already logged in.","Anda telah masuk."
"You are not logged in","You are not logged in"
"You can watch statistics here.","Anda dapat melihat statistik disini."
"You canceled your order. Touch ""Pay with PayPal"" to try again.","You canceled your order. Touch ""Pay with PayPal"" to try again."
"You have entered an incorrect decimal value in the custom amount field. Provide a valid value.","You have entered an incorrect decimal value in the custom amount field. Provide a valid value."
"You have placed no orders.","Anda telah menempatkan tidak ada pesanan "."
"You have uncommitted actions. Commit?","You have uncommitted actions. Commit?"
"You may also like","You may also like"
"You must login first","You must login first"
"You must read and agree to the Terms and Conditions before placing your order.","You must read and agree to the Terms and Conditions before placing your order."
"You need to enable PayPal Express Checkout first from the Payment configuration before enabling PayPal MECL.","You need to enable PayPal Express Checkout first from the Payment configuration before enabling PayPal MECL."
"You will receive an order confirmation email with details of your order and a link to track its progress.","Anda akan menerima email konfirmasi pesanan dengan rincian pesanan Anda dan tautan untuk melacak kemajuannya."
"Your current balance is:","Your current balance is:"
"Your order # is: %s. ","Pesanan Anda # adalah: %s. "
"Your order cannot be completed at this time as there is no payment methods available for it.","Pesanan Anda tidak dapat diselesaikan pada saat ini karena tidak ada metode pembayaran yang tersedia untuk itu. "
"Your order failed. Touch ""Pay with PayPal"" to try again.","Your order failed. Touch ""Pay with PayPal"" to try again."
"Your review has been accepted for moderation.","Tinjauan Anda telah diterima untuk moderasi."
"Your tweet has been sent. Thanks for sharing this product on Twitter","Your tweet has been sent. Thanks for sharing this product on Twitter"
"Zip/Postal Code","Zip/kode pos"
"\'%s\' exceeds the allowed file size: %d (bytes)","\'%s\' exceeds the allowed file size: %d (bytes)"
"\'%s\' height exceeds allowed value of %d px","\'%s\' height exceeds allowed value of %d px"
"\'%s\' is not a valid file extension. Allowed extensions: %s","\'%s\' is not a valid file extension. Allowed extensions: %s"
"\'%s\' width exceeds allowed value of %d px","\'%s\' width exceeds allowed value of %d px"
"and","dan"
"as Guest","as Guest"
"each","masing masing"
"field is required","field is required"
"iPad","iPad"
"iPhone","iPhone"
"image_id is required","image_id is required"
"not set","not set"
"required","required"
"save","simpan"
"ver. %s","ver. %s"
